codigo;coletanea;numeracao;titulo;creditos
CC;Cantor Cristão;1;Antífona;William H.Monk | H.Maxwell Wright
CC;Cantor Cristão;2;Justo és, Senhor;João Gomes da Rocha
CC;Cantor Cristão;3;Louvor ao Senhor;Robert Lowry | William E.Entzminger
CC;Cantor Cristão;4;Ao Deus santo;Mary Artemista Lathbury
CC;Cantor Cristão;5;Presença divina;Justus Henry Nelson | Felice de Giardini
CC;Cantor Cristão;6;Glória ao Senhor;Antonio José das Neves
CC;Cantor Cristão;7;Maravilhas divinas;Salomão Luiz Ginsburg | George Coles Stebbins
CC;Cantor Cristão;8;A Deus supremo;Louis M.Gottschalk | Thomas Ken
CC;Cantor Cristão;9;Santo, Santo;Reginald Heber | John Bacchus Dykes
CC;Cantor Cristão;10;Auxílio divino;Louis M.Gottschalk | Andrew Reed
CC;Cantor Cristão;11;Ao Deus Trino;Luther O.Emerson | William E.Entzminger
CC;Cantor Cristão;12;Louvamos;Richard Holden | John Francis Wade
CC;Cantor Cristão;13;Bendigam a Deus;Henry J.Gauntlett | Henry F.Lyte
CC;Cantor Cristão;14;O Deus de Abraão;Thomas Oliveira
CC;Cantor Cristão;15;Exultação;Fanny Jane Crosby | William Howard Doane
CC;Cantor Cristão;16;Vinde adorar;Henry Maxwell Wright | William Kanapp
CC;Cantor Cristão;17;O amor de Deus;Phillip P.Bliss | Stuart E.McNair
CC;Cantor Cristão;18;Amor sem igual;Stuart E.McNair
CC;Cantor Cristão;19;Alegre nova nos chegou;Albert Lister Peace | William E.Entzminger
CC;Cantor Cristão;20;Amor perene;Guilherme Luiz S.Ferreira
CC;Cantor Cristão;21;Do mundo Deus se condoeu;Salomão Luiz Ginsburg
CC;Cantor Cristão;22;Sublime amor;Edmund S.Lorenz
CC;Cantor Cristão;23;Deus fonte da vida;Henry M.Wright
CC;Cantor Cristão;24;Deus é amor;George Coles Stebbins | John Bowring
CC;Cantor Cristão;25;Que grande amor;James McGranahan | Robert Boswell
CC;Cantor Cristão;26;Rei excelso;George Frederick Haendel | Isaac Watts
CC;Cantor Cristão;27;Natal;Charles Wesley | Felix Mendelssohn Bartholdy
CC;Cantor Cristão;28;Nasceu o Redentor;William J.Kirkpatrick | Francis Bottome
CC;Cantor Cristão;29;É Jesus que nasce;William J.Kirkpatrick | Manuel Avelino de Souza
CC;Cantor Cristão;30;Noite de paz;Franz Xavier Gruber | Joseph Mohr
CC;Cantor Cristão;31;Lugar para Cristo;William J.Kirkpatrick | Francis Bottome
CC;Cantor Cristão;32;Novas tenho;Ira David Sankey
CC;Cantor Cristão;33;Nasceu Jesus;Robert Lowry | Robert Hawkey Moreton
CC;Cantor Cristão;34;Plena graça
CC;Cantor Cristão;35;Incomparável
CC;Cantor Cristão;36;O amor de Jesus;Philip Paul Bliss | Manuel A.Santos
CC;Cantor Cristão;37;Amor glorioso;Adoniram Judson Gordon | W.Spencer Walton
CC;Cantor Cristão;38;Divino amor;Mary Shekleton Ira David Sankey
CC;Cantor Cristão;39;A ovelha perdida
CC;Cantor Cristão;40;Amor de Cristo
CC;Cantor Cristão;41;Reconhecimento
CC;Cantor Cristão;42;És tu Jesus meu Salvador;E.W.Bullinger James McGranahan
CC;Cantor Cristão;43;Preciosas palavras;Ira David Sankey | Fanny J.Crosby
CC;Cantor Cristão;44;A linda história
CC;Cantor Cristão;45;Por amor de nós
CC;Cantor Cristão;46;Jesus me transformou;Howard E.Smith | James Rowe
CC;Cantor Cristão;47;Alegria perene;Melodia americana Samuel Medley
CC;Cantor Cristão;48;Salvação
CC;Cantor Cristão;49;Tudo fez Jesus
CC;Cantor Cristão;50;A velha história;William Howard Doane | Katherine Hankey
CC;Cantor Cristão;51;Vida na graça
CC;Cantor Cristão;52;Jesus glorioso
CC;Cantor Cristão;53;Os filhos de Sião
CC;Cantor Cristão;54;Glória e honra
CC;Cantor Cristão;55;Hosana nas alturas
CC;Cantor Cristão;56;Rei da glória
CC;Cantor Cristão;57;Bendito o rei
CC;Cantor Cristão;58;O nome de Jesus
CC;Cantor Cristão;59;Saudai Emanuel
CC;Cantor Cristão;60;Coroai;James Ellor | Esward Perronet
CC;Cantor Cristão;61;Glória a Jesus
CC;Cantor Cristão;62;Nome precioso;William Howard Doane | Lydia Baxter
CC;Cantor Cristão;63;Jesus o Senhor
CC;Cantor Cristão;64;Jubiloso
CC;Cantor Cristão;65;Jesus, o bem amado
CC;Cantor Cristão;66;Coroai-o ó remidos;Thomas Kelly | George Coles Stebbins
CC;Cantor Cristão;67;Cristo exaltado;Peter Philip Bilhorn | Stuart E.McNair
CC;Cantor Cristão;68;Bem-aventurados
CC;Cantor Cristão;69;Aleluia
CC;Cantor Cristão;70;Nome adorável
CC;Cantor Cristão;71;Amigo eterno
CC;Cantor Cristão;72;Amigo sem igual
CC;Cantor Cristão;73;Um grande amigo
CC;Cantor Cristão;74;Graça a Deus
CC;Cantor Cristão;75;Que grande amigo
CC;Cantor Cristão;76;Amigo verdadeiro
CC;Cantor Cristão;77;O melhor amigo;Philip Bilhorn
CC;Cantor Cristão;78;Tudo de graça
CC;Cantor Cristão;79;Um bom amigo
CC;Cantor Cristão;80;Coração purificado
CC;Cantor Cristão;81;Amigo incomparável;Johson Oatman Jr
CC;Cantor Cristão;82;O Gólgota
CC;Cantor Cristão;83;A cruz de Cristo
CC;Cantor Cristão;84;A cruz
CC;Cantor Cristão;85;Cantai louvores
CC;Cantor Cristão;86;Sangue precioso;Henry Maxwell Wright | Ethelbert William Bullinger
CC;Cantor Cristão;87;Calvário
CC;Cantor Cristão;88;Que fazes por mim
CC;Cantor Cristão;89;O poder do sangue;Lewis Edgar Jones
CC;Cantor Cristão;90;Contemplação
CC;Cantor Cristão;91;Sangue de Jesus
CC;Cantor Cristão;92;Substituição;Frances Ridley Havergal | Philip Paul Bliss
CC;Cantor Cristão;93;Só no sangue
CC;Cantor Cristão;94;Jesus na cruz
CC;Cantor Cristão;95;Vitória do rejeitado
CC;Cantor Cristão;96;Deslumbrante;Antonio José S.Neves | Robert Lowry
CC;Cantor Cristão;97;Jesus veio aqui
CC;Cantor Cristão;98;Jesus triunfou
CC;Cantor Cristão;99;Ressurreição;Robert Lowry
CC;Cantor Cristão;100;Jesus ressuscitado
CC;Cantor Cristão;101;Ressurgiu;Charles Wesley
CC;Cantor Cristão;102;Cristo volta
CC;Cantor Cristão;103;Jesus vindo
CC;Cantor Cristão;104;O bom porvir
CC;Cantor Cristão;105;Feliz
CC;Cantor Cristão;106;O desejado
CC;Cantor Cristão;107;Esperando
CC;Cantor Cristão;108;Chamada final;James Milton Black
CC;Cantor Cristão;109;Por pouco tempo
CC;Cantor Cristão;110;Quando Cristo vier
CC;Cantor Cristão;111;Não tardará
CC;Cantor Cristão;112;Vencendo vem Jesus;John William Steffe Julia Ward Howe
CC;Cantor Cristão;113;O dia glorioso
CC;Cantor Cristão;114;A vinda do Senhor
CC;Cantor Cristão;115;Breve com Jesus
CC;Cantor Cristão;116;Desejo da alma;William H.Doane | Fanny Jane Crosby
CC;Cantor Cristão;117;Espírito santo
CC;Cantor Cristão;118;Santo espírito
CC;Cantor Cristão;119;Fidelidade
CC;Cantor Cristão;120;Louvai ao Senhor
CC;Cantor Cristão;121;Ecos de louvor
CC;Cantor Cristão;122;Motivos de louvor
CC;Cantor Cristão;123;Bendito cordeiro;Henry Southwick Perkins
CC;Cantor Cristão;124;Cantarei
CC;Cantor Cristão;125;Redenção;James McGranahan | Daniel Webster Whittle
CC;Cantor Cristão;126;Louvai;Chester G.Allen | Fanny Jane Crosby
CC;Cantor Cristão;127;Jesus bondoso
CC;Cantor Cristão;128;A redenção
CC;Cantor Cristão;129;Luz bendita;John R.Sweney | Eliza E.Hewitt
CC;Cantor Cristão;130;Beneficência
CC;Cantor Cristão;131;Bendize
CC;Cantor Cristão;132;Ebenezer;Ebenezer John Wyeth | Robert Robinson
CC;Cantor Cristão;133;Exultação
CC;Cantor Cristão;134;Reino universal
CC;Cantor Cristão;135;Louvor;ohn Jenkins Husband | William Paton MacKay
CC;Cantor Cristão;136;Estudo bíblico
CC;Cantor Cristão;137;O pão da vida
CC;Cantor Cristão;138;A lei do Senhor
CC;Cantor Cristão;139;Dia do Senhor
CC;Cantor Cristão;140;Domingo
CC;Cantor Cristão;141;Descanso aos domingos
CC;Cantor Cristão;142;Pão da vida
CC;Cantor Cristão;143;A ceia do Senhor
CC;Cantor Cristão;144;Vera páscoa
CC;Cantor Cristão;145;Batismo
CC;Cantor Cristão;146;Alegria verdadeira
CC;Cantor Cristão;147;Obediência no batismo
CC;Cantor Cristão;148;Hora bendita;William Batchelder Bradbury | William W Walford
CC;Cantor Cristão;149;Persistência em oração
CC;Cantor Cristão;150;Pai nosso
CC;Cantor Cristão;151;Comunhão
CC;Cantor Cristão;152;Pastor divino
CC;Cantor Cristão;153;Perdão
CC;Cantor Cristão;154;Firmes nas promessas;Russel Kelso Carter | William Paton MacKay
CC;Cantor Cristão;155;O grande amigo;Charles Crozat Converse | Joseph Scriven
CC;Cantor Cristão;156;Orando sempre
CC;Cantor Cristão;157;Vivifica-nos, Senhor
CC;Cantor Cristão;158;Em oração
CC;Cantor Cristão;159;Minha oração;William H.Doane | James Theodore Houston
CC;Cantor Cristão;160;A fé contemplada;Bentley DeForrest Ackley | James Rowe
CC;Cantor Cristão;161;Poder espiritual
CC;Cantor Cristão;162;Vigiar e orar
CC;Cantor Cristão;163;Desejos
CC;Cantor Cristão;164;Vivificação
CC;Cantor Cristão;165;Oração
CC;Cantor Cristão;166;As promessas de Deus
CC;Cantor Cristão;167;Vem inflama;Ira David Sankey | Guilherme Luiz S.Ferreira
CC;Cantor Cristão;168;Chuvas de bênçãos;James McGranahan | Daniel Webster Whittle
CC;Cantor Cristão;169;Mais de Cristo;John Robson Sweney | Eliza Edmunds Hewitt
CC;Cantor Cristão;170;Oração de consagração;Philip Paulo Bliss
CC;Cantor Cristão;171;Avivamento;William H.Doane | Albert Midlane
CC;Cantor Cristão;172;Cada dia
CC;Cantor Cristão;173;Mais amor
CC;Cantor Cristão;174;Faça-se a luz
CC;Cantor Cristão;175;Minha aspiração
CC;Cantor Cristão;176;Tempo de ser santo
CC;Cantor Cristão;177;Alvorada
CC;Cantor Cristão;178;O culto findou
CC;Cantor Cristão;179;Fim do culto
CC;Cantor Cristão;180;Despedida
CC;Cantor Cristão;181;Bênção
CC;Cantor Cristão;182;Despedida do culto
CC;Cantor Cristão;183;A luz do mundo
CC;Cantor Cristão;184;Há livre perdão
CC;Cantor Cristão;185;Somente Cristo
CC;Cantor Cristão;186;É Jesus quem salva
CC;Cantor Cristão;187;Teus pecados
CC;Cantor Cristão;188;O evangelho
CC;Cantor Cristão;189;Graça inefável
CC;Cantor Cristão;190;Para salvar-te
CC;Cantor Cristão;191;Eis a nova;J.S.Fearis Manuel A.de Souza
CC;Cantor Cristão;192;Só por Jesus;Philip P.Bliss
CC;Cantor Cristão;193;Proclamação
CC;Cantor Cristão;194;A mensagem celeste
CC;Cantor Cristão;195;Vida por um olhar
CC;Cantor Cristão;196;Conta-me
CC;Cantor Cristão;197;Inabalável
CC;Cantor Cristão;198;Aleluia
CC;Cantor Cristão;199;Cordeiro divino
CC;Cantor Cristão;200;Cristo meu salvador
CC;Cantor Cristão;201;Novo nascimento;George C.Stebbins | William T.Sleeper
CC;Cantor Cristão;202;Jesus tem o poder
CC;Cantor Cristão;203;Olha para Cristo;Philip P.Bliss | Henry Burton
CC;Cantor Cristão;204;Reconciliai-vos
CC;Cantor Cristão;205;Ó minha alma sem demora
CC;Cantor Cristão;206;Promessa gloriosa
CC;Cantor Cristão;207;Mensagem real
CC;Cantor Cristão;208;Justificação;Philip P.Bliss
CC;Cantor Cristão;209;Venham escutar
CC;Cantor Cristão;210;Cristo te chama;George Coles Stebbins | Fanny Jane Crosby
CC;Cantor Cristão;211;Vem, pecador
CC;Cantor Cristão;212;Oh, vinde já
CC;Cantor Cristão;213;Quem ouvir as novas
CC;Cantor Cristão;214;Cristo chama por ti;Bentley DEForrest Ackley | M.Avelino de Souza
CC;Cantor Cristão;215;Fonte bendita
CC;Cantor Cristão;216;Descanso em Jesus
CC;Cantor Cristão;217;Segue-me
CC;Cantor Cristão;218;Vinde a mim
CC;Cantor Cristão;219;Vem já
CC;Cantor Cristão;220;Perdão e salvação
CC;Cantor Cristão;221;Convite
CC;Cantor Cristão;222;Manso e suave;Will Lamartine Thompson
CC;Cantor Cristão;223;Abrigo
CC;Cantor Cristão;224;Um passo só
CC;Cantor Cristão;225;Voz de ternura;John Hart Stockton | William Hunter
CC;Cantor Cristão;226;Dá teu coração
CC;Cantor Cristão;227;Despertado coração
CC;Cantor Cristão;228;Ouvi a chamada
CC;Cantor Cristão;229;Régio hóspede;Williams Daniel W.Whittle | CC Williams Daniel W.Whittle
CC;Cantor Cristão;230;Deus chamando
CC;Cantor Cristão;231;Vem filho vem;Ira David Sankey | Horatius Bonar
CC;Cantor Cristão;232;Cristo à porta
CC;Cantor Cristão;233;Por que não já
CC;Cantor Cristão;234;Cristo salva
CC;Cantor Cristão;235;Chamada
CC;Cantor Cristão;236;Atribulado coração;William James Kirkpatrick
CC;Cantor Cristão;237;Tão perto;Robert Lowry | Fanny J.Crosby
CC;Cantor Cristão;238;A água da vida;Robert Lowry | Fanny J.Crosby
CC;Cantor Cristão;239;A luz do céu;Charles Hutchison Gabriel
CC;Cantor Cristão;240;Oh! Vem a Cristo;Antônio José Millan | Ira David Sankey
CC;Cantor Cristão;241;Palavra abençoada;James McGranahan
CC;Cantor Cristão;242;Vinde já;Elisha A.Hoffmann
CC;Cantor Cristão;243;Vida eterna
CC;Cantor Cristão;244;Graça admirável;John Zundel
CC;Cantor Cristão;245;Cristo vai passar;J.H.Tenney Elisha A.Hoffmann
CC;Cantor Cristão;246;Vem agora
CC;Cantor Cristão;247;Vem filho perdido;William H.Doane | Ellen H.Gates
CC;Cantor Cristão;248;Filho pródigo;Robert Lowry
CC;Cantor Cristão;249;Banquete do Belsazar;Knowles Shaw
CC;Cantor Cristão;250;Quase induzido;Philip Paul Bliss
CC;Cantor Cristão;251;Quase achegado;Philip Paul Bliss
CC;Cantor Cristão;252;A porta franca;Silas Jones Vail | Lydia Baxter
CC;Cantor Cristão;253;Não havia lugar
CC;Cantor Cristão;254;Não venhas tarde;Ricardo Pitrowsky
CC;Cantor Cristão;255;Qual é teu refúgio
CC;Cantor Cristão;256;Inda há lugar
CC;Cantor Cristão;257;Quem é que vai
CC;Cantor Cristão;258;Chora agora
CC;Cantor Cristão;259;A última hora
CC;Cantor Cristão;260;Agora
CC;Cantor Cristão;261;Alma ansiosa
CC;Cantor Cristão;262;Contrição
CC;Cantor Cristão;263;Luz divina
CC;Cantor Cristão;264;Das trevas
CC;Cantor Cristão;265;Resgate
CC;Cantor Cristão;266;Tal qual estou;William B.Bradbury | Chalotte Elliott
CC;Cantor Cristão;267;Salvação pela fé
CC;Cantor Cristão;268;Como estou
CC;Cantor Cristão;269;Confissão
CC;Cantor Cristão;270;Resolução
CC;Cantor Cristão;271;Substituição
CC;Cantor Cristão;272;Só um passo
CC;Cantor Cristão;273;Salvador benigno
CC;Cantor Cristão;274;Coro santo
CC;Cantor Cristão;275;Contentamento
CC;Cantor Cristão;276;Coro celeste
CC;Cantor Cristão;277;Convencido
CC;Cantor Cristão;278;Cantai
CC;Cantor Cristão;279;A doce luz
CC;Cantor Cristão;280;Fiquei curado
CC;Cantor Cristão;281;Fonte divina
CC;Cantor Cristão;282;Maravilha
CC;Cantor Cristão;283;Mais perto;Lowell Mason | Sarah Flower Adams
CC;Cantor Cristão;284;Companhia divina
CC;Cantor Cristão;285;O alvo supremo
CC;Cantor Cristão;286;Junto a ti
CC;Cantor Cristão;287;Com Jesus
CC;Cantor Cristão;288;Perto do Senhor
CC;Cantor Cristão;289;Ao pé da cruz
CC;Cantor Cristão;290;Cristo, meu mestre
CC;Cantor Cristão;291;Comunhão celeste
CC;Cantor Cristão;292;Perto de Jesus
CC;Cantor Cristão;293;Desejos espirituais
CC;Cantor Cristão;294;Necessitado
CC;Cantor Cristão;295;Tudo entregarei;Winfield Scott Weeden | Judson W.Van de Venter
CC;Cantor Cristão;296;Consagração
CC;Cantor Cristão;297;Súplica
CC;Cantor Cristão;298;Estou pronto
CC;Cantor Cristão;299;Onde quer que seja
CC;Cantor Cristão;300;Tudo por Cristo
CC;Cantor Cristão;301;Crer e observar;Daniel B.Towner | John H.Sammis
CC;Cantor Cristão;302;Como a neve
CC;Cantor Cristão;303;Amor a Jesus
CC;Cantor Cristão;304;Um vaso de benção;Harper G.Smyth
CC;Cantor Cristão;305;Consagrar tudo
CC;Cantor Cristão;306;O caminho da cruz
CC;Cantor Cristão;307;Reconhecimento
CC;Cantor Cristão;308;Para onde for, irei
CC;Cantor Cristão;309;Consagrando-nos
CC;Cantor Cristão;310;Em teus braços
CC;Cantor Cristão;311;Confiança;Elisha A.Hoffmann | Henry M. Wright
CC;Cantor Cristão;312;Amparo;Philip Bliss
CC;Cantor Cristão;313;Proteção
CC;Cantor Cristão;314;Estou seguro
CC;Cantor Cristão;315;Meu clamor
CC;Cantor Cristão;316;Deus é por mim
CC;Cantor Cristão;317;Abrigo
CC;Cantor Cristão;318;Deus me esconde
CC;Cantor Cristão;319;Abrigo perfeito;Charles Hutchison Gabriel
CC;Cantor Cristão;320;Abrigo feliz
CC;Cantor Cristão;321;Abrigo seguro
CC;Cantor Cristão;322;Cristo valerá;Ada ruth Havershon
CC;Cantor Cristão;323;Castelo forte;Martin Luther
CC;Cantor Cristão;324;Refúgio verdadeiro;J.M.Whyte Manuel A.Souza
CC;Cantor Cristão;325;Naufrágio
CC;Cantor Cristão;326;Refúgio
CC;Cantor Cristão;327;O piloto
CC;Cantor Cristão;328;Sossegai;Horatio Richmond Palmer
CC;Cantor Cristão;329;Conta as bênçãos
CC;Cantor Cristão;330;O segredo do viver
CC;Cantor Cristão;331;Glória no porvir
CC;Cantor Cristão;332;Meu Deus é sabedor
CC;Cantor Cristão;333;Deus é sabedor
CC;Cantor Cristão;334;Alívio
CC;Cantor Cristão;335;O gozo da vida
CC;Cantor Cristão;336;Fonte de consolação
CC;Cantor Cristão;337;Nada de desanimo;Charles H.Gabriel | Civilla D.Martin
CC;Cantor Cristão;338;Redentor
CC;Cantor Cristão;339;Não consintas;Fanny Jane Crosby
CC;Cantor Cristão;340;Importará
CC;Cantor Cristão;341;Socorro divino
CC;Cantor Cristão;342;A minha cruz;Ballington Booth
CC;Cantor Cristão;343;Sempre firme;Ira David Sankey
CC;Cantor Cristão;344;Deus cuidará de ti;Walter Stilman Martin | Civilla Durfee Martin
CC;Cantor Cristão;345;Contar a Jesus
CC;Cantor Cristão;346;Meu Deus proverá
CC;Cantor Cristão;347;O coração em paz;Bentley DF.Ackley
CC;Cantor Cristão;348;Confiando
CC;Cantor Cristão;349;Rica promessa
CC;Cantor Cristão;350;Quero o salvador
CC;Cantor Cristão;351;Direção divina
CC;Cantor Cristão;352;Seguindo a Cristo
CC;Cantor Cristão;353;Sou pecador
CC;Cantor Cristão;354;Cada momento;Daniel Webster Whittle
CC;Cantor Cristão;355;Luz benigna
CC;Cantor Cristão;356;Jesus como guia
CC;Cantor Cristão;357;Guia-me
CC;Cantor Cristão;358;Não há perigo
CC;Cantor Cristão;359;Jesus como guia
CC;Cantor Cristão;360;Companheiro
CC;Cantor Cristão;361;Por mim
CC;Cantor Cristão;362;Nunca sozinho;Henry Maxwell Wright
CC;Cantor Cristão;363;Sê tu meu guia
CC;Cantor Cristão;364;Filhos de Deus
CC;Cantor Cristão;365;Fé persistente
CC;Cantor Cristão;366;Firmeza;William Batchelder Bradbury | Edward Mote
CC;Cantor Cristão;367;Firme na rocha;William James Kirkpatrick | Priscilla Jane Owens
CC;Cantor Cristão;368;Jesus bendito
CC;Cantor Cristão;369;Só Jesus
CC;Cantor Cristão;370;Crendo em Cristo
CC;Cantor Cristão;371;Rocha eterna;Thomas Hastings
CC;Cantor Cristão;372;Salvo estou
CC;Cantor Cristão;373;Certeza
CC;Cantor Cristão;374;Salvo
CC;Cantor Cristão;375;Segurança;Phoebe Palmer Knapp | Fanny Jane Crosby
CC;Cantor Cristão;376;Salvação perfeita
CC;Cantor Cristão;377;Não sei porque;James McGranahan | Daniel Webster Whittle
CC;Cantor Cristão;378;Já certo estou
CC;Cantor Cristão;379;Laços benditos
CC;Cantor Cristão;380;Amor
CC;Cantor Cristão;381;Amor fraternal;Sarah P Kalley | George J.Webb
CC;Cantor Cristão;382;Vamos à igreja
CC;Cantor Cristão;383;Satisfação
CC;Cantor Cristão;384;Que doce voz;C.Austin Miles | Manuel A.Souza
CC;Cantor Cristão;385;Louvor;Manuel Avelino de Souza | Charles H.Gabriel
CC;Cantor Cristão;386;Ah! Se eu tivesse mil vozes;William E.Entzminger | William F.Sherwin
CC;Cantor Cristão;387;Contentamento
CC;Cantor Cristão;388;O homem feliz
CC;Cantor Cristão;389;Ventura
CC;Cantor Cristão;390;Nada falta
CC;Cantor Cristão;391;Estou contente
CC;Cantor Cristão;392;Extraviado
CC;Cantor Cristão;393;Cristo para mim
CC;Cantor Cristão;394;Realidade
CC;Cantor Cristão;395;Cristo satisfaz;William Augustus Ogden
CC;Cantor Cristão;396;Foi na cruz foi na cruz;Ralph E.Hudson
CC;Cantor Cristão;397;Achei descanso
CC;Cantor Cristão;398;Sou feliz;Phillip Paul Bliss | Horation Gates Spafford
CC;Cantor Cristão;399;Cantarei de Cristo
CC;Cantor Cristão;400;Júbilo
CC;Cantor Cristão;401;Eu sou de Jesus;Bentley DeForrest Ackley | James Rowe
CC;Cantor Cristão;402;Escrava resgatada;Robert Lowry
CC;Cantor Cristão;403;Eu alegre vou;Winfield S.Weeden | Judson W.V.Venter
CC;Cantor Cristão;404;Substituição
CC;Cantor Cristão;405;Gozo e paz
CC;Cantor Cristão;406;Confiar em Cristo
CC;Cantor Cristão;407;Ditoso dia;Adapt. Edward F.Rimbault | Philip Doddridge
CC;Cantor Cristão;408;Descanso verdadeiro
CC;Cantor Cristão;409;Plena paz
CC;Cantor Cristão;410;No serviço do meu rei;Bentley DeForrest Ackley | Aifred Henry Ackley
CC;Cantor Cristão;411;Que alegria neste dia
CC;Cantor Cristão;412;A música dos salvos
CC;Cantor Cristão;413;Lealdade
CC;Cantor Cristão;414;Acordai
CC;Cantor Cristão;415;Alerta;Johan Martin Spiess | George Heath
CC;Cantor Cristão;416;Filhos da luz;Sarah P.Kalley
CC;Cantor Cristão;417;Brilha no meio do teu viver;Charles H.Gabriel
CC;Cantor Cristão;418;Disposição de trabalhar
CC;Cantor Cristão;419;Mãos ao trabalho
CC;Cantor Cristão;420;Servir alegremente
CC;Cantor Cristão;421;Conversação cristã
CC;Cantor Cristão;422;Trabalho cristão
CC;Cantor Cristão;423;Oh, buscai
CC;Cantor Cristão;424;Vamos à colheita
CC;Cantor Cristão;425;Luz após trevas
CC;Cantor Cristão;426;Gratidão na luta;Ira David Sankey
CC;Cantor Cristão;427;Conquistar o mundo
CC;Cantor Cristão;428;Luz nas trevas
CC;Cantor Cristão;429;Ceifando
CC;Cantor Cristão;430;Em cada lugar
CC;Cantor Cristão;431;Acode em tempo
CC;Cantor Cristão;432;Avante com Deus
CC;Cantor Cristão;433;A colheita além;Philip Paul Bliss | Emily S Oakey
CC;Cantor Cristão;434;Onde os obreiros
CC;Cantor Cristão;435;Ainda há lugar
CC;Cantor Cristão;436;Dai-nos luz;Charles H.Gabriel
CC;Cantor Cristão;437;As boas-novas
CC;Cantor Cristão;438;Disse Jesus;Horation R.Palmer | Manuel A.de Souza
CC;Cantor Cristão;439;Oração pela pátria;Emily V.Lindsey | Salomão L.Ginsburg
CC;Cantor Cristão;440;A pátria feliz
CC;Cantor Cristão;441;Graça e salvação
CC;Cantor Cristão;442;O missionário
CC;Cantor Cristão;443;Eis os milhões
CC;Cantor Cristão;444;Brasil
CC;Cantor Cristão;445;Deves divulgar
CC;Cantor Cristão;446;Avançai
CC;Cantor Cristão;447;Nunca ouvir de Cristo
CC;Cantor Cristão;448;Ide
CC;Cantor Cristão;449;Ousados proclamai
CC;Cantor Cristão;450;Igreja, alerta
CC;Cantor Cristão;451;Os que confiam
CC;Cantor Cristão;452;Decisão
CC;Cantor Cristão;453;À peleja
CC;Cantor Cristão;454;Vitórias nas lutas;Samuel W.Beazley Manuel Avelino de Souza
CC;Cantor Cristão;455;Heróis
CC;Cantor Cristão;456;O estandarte
CC;Cantor Cristão;457;Confiança em Deus
CC;Cantor Cristão;458;Cristo vos conduz
CC;Cantor Cristão;459;Companheiras
CC;Cantor Cristão;460;Vitória
CC;Cantor Cristão;461;Fujamos da tentação
CC;Cantor Cristão;462;Unidos
CC;Cantor Cristão;463;Triunfo
CC;Cantor Cristão;464;Sempre fiéis
CC;Cantor Cristão;465;Igual a Daniel
CC;Cantor Cristão;466;Lutai por Cristo
CC;Cantor Cristão;467;Avante com alegria
CC;Cantor Cristão;468;Testemunhos
CC;Cantor Cristão;469;Corajosos
CC;Cantor Cristão;470;O combate
CC;Cantor Cristão;471;Vitorioso
CC;Cantor Cristão;472;Frente ousada
CC;Cantor Cristão;473;Firmes na fé
CC;Cantor Cristão;474;Eia, ao combate
CC;Cantor Cristão;475;Lutar
CC;Cantor Cristão;476;Brilho celeste;G.H.Cook H.T.Zelley
CC;Cantor Cristão;477;Como andar
CC;Cantor Cristão;478;O peregrino
CC;Cantor Cristão;479;Vou à pátria
CC;Cantor Cristão;480;Favor;Lowel Mason | Jane Cross Simpson
CC;Cantor Cristão;481;Ao lar celestial
CC;Cantor Cristão;482;Guia, ó Deus
CC;Cantor Cristão;483;Pátria celestial
CC;Cantor Cristão;484;Da linda pátria estou mui longe;Stephen C.Foster | Justus Henry Nelson
CC;Cantor Cristão;485;Livro da vida
CC;Cantor Cristão;486;Doce porvir
CC;Cantor Cristão;487;Precioso é Jesus;Salomão Luiz Ginsburg | Charles Hutchison Gabriel
CC;Cantor Cristão;488;Cada vez mais
CC;Cantor Cristão;489;Céu pra mim;James McGranahan | Pilip Paul Bliss
CC;Cantor Cristão;490;Aleluia sim é céu;James Milton Black | Benjameim Rufino Duarte
CC;Cantor Cristão;491;Como há de ser
CC;Cantor Cristão;492;Meu canto celestial
CC;Cantor Cristão;493;No paraíso
CC;Cantor Cristão;494;Além
CC;Cantor Cristão;495;Redenção
CC;Cantor Cristão;496;Rio da vida
CC;Cantor Cristão;497;Tantos remidos
CC;Cantor Cristão;498;Bela cidade;Otis F.Presbrey | Jonathan Bush Atchinson
CC;Cantor Cristão;499;Tudo feliz
CC;Cantor Cristão;500;Glória pra mim;Charles H.Gabriel
CC;Cantor Cristão;501;O nosso lar;John R.Sweney | Fanny Jane Crosby
CC;Cantor Cristão;502;Um pouco mais
CC;Cantor Cristão;503;Face a face
CC;Cantor Cristão;504;Lá no céu
CC;Cantor Cristão;505;Jerusalém
CC;Cantor Cristão;506;Junto ao trono;George C.Stebbins
CC;Cantor Cristão;507;Minha coroa
CC;Cantor Cristão;508;Terra feliz
CC;Cantor Cristão;509;Verei meu redentor;Benjamim Rufino Duarte
CC;Cantor Cristão;510;Fonte de amor
CC;Cantor Cristão;511;Com Jesus
CC;Cantor Cristão;512;O doce lar
CC;Cantor Cristão;513;Triunfo
CC;Cantor Cristão;514;Paz real
CC;Cantor Cristão;515;Na glória
CC;Cantor Cristão;516;Além da morte
CC;Cantor Cristão;517;Querido lar;William A.Ogden
CC;Cantor Cristão;518;Glória;Lowell Mason | John Law
CC;Cantor Cristão;519;Perante o rei
CC;Cantor Cristão;520;Canaã celeste
CC;Cantor Cristão;521;Jerusalém
CC;Cantor Cristão;522;Um bom amigo
CC;Cantor Cristão;523;Cordeirinhos
CC;Cantor Cristão;524;Jóias preciosas
CC;Cantor Cristão;525;Vinde meninos;George F.Root
CC;Cantor Cristão;526;Os meninos
CC;Cantor Cristão;527;A bênção
CC;Cantor Cristão;528;Aspiração infantil
CC;Cantor Cristão;529;Vai buscar
CC;Cantor Cristão;530;Soldado infantil
CC;Cantor Cristão;531;Teu cantinho;Edwin O.Excell | Emily H.Miller
CC;Cantor Cristão;532;Ó meninos, vinde
CC;Cantor Cristão;533;Pequenos guerreiros
CC;Cantor Cristão;534;Cantam glória
CC;Cantor Cristão;535;Hosana infantil
CC;Cantor Cristão;536;A lição
CC;Cantor Cristão;537;Desejo infantil
CC;Cantor Cristão;538;Oh, vinde, meninos
CC;Cantor Cristão;539;Brilhando
CC;Cantor Cristão;540;Oração de criança
CC;Cantor Cristão;541;Pequenos raios
CC;Cantor Cristão;542;Jesus e as crianças
CC;Cantor Cristão;543;Cântico escolar
CC;Cantor Cristão;544;Avante mocidade;Ricardo Pitrowsky
CC;Cantor Cristão;545;Vamos à escola
CC;Cantor Cristão;546;Mocidade, avante
CC;Cantor Cristão;547;Semeando e segando
CC;Cantor Cristão;548;Jovens lutadores
CC;Cantor Cristão;549;Alerta, mocidade
CC;Cantor Cristão;550;Juventude;James McGranahan
CC;Cantor Cristão;551;Mocidade
CC;Cantor Cristão;552;Mocidade crente
CC;Cantor Cristão;553;Lealdade a Cristo
CC;Cantor Cristão;554;Agora
CC;Cantor Cristão;555;Alerta, jovens
CC;Cantor Cristão;556;Vou dormir em paz
CC;Cantor Cristão;557;O anoitecer
CC;Cantor Cristão;558;Hino vespertino
CC;Cantor Cristão;559;Fim do ano
CC;Cantor Cristão;560;Ano novo
CC;Cantor Cristão;561;Salve, ano novo
CC;Cantor Cristão;562;Templo novo
CC;Cantor Cristão;563;Consagração de templo
CC;Cantor Cristão;564;Mais um templo
CC;Cantor Cristão;565;Separação;William G.Tomer | Jeremiah E.Rankin
CC;Cantor Cristão;566;Saudação
CC;Cantor Cristão;567;União vital;Samuel W. Beazley Manuel A.Souza
CC;Cantor Cristão;568;Casamento
CC;Cantor Cristão;569;O ministério santo
CC;Cantor Cristão;570;Mais um obreiro
CC;Cantor Cristão;571;Morte do crente
CC;Cantor Cristão;572;Dormir em Cristo
CC;Cantor Cristão;573;Dormindo no Senhor
CC;Cantor Cristão;574;Pátria Brasileira
CC;Cantor Cristão;575;República do Brasil
CC;Cantor Cristão;576;Hino à Bandeira Nacional
CC;Cantor Cristão;577;Hino Nacional Brasileiro
CC;Cantor Cristão;578;Sonda-me, ó Deus
CC;Cantor Cristão;579;Olhando para Cristo
CC;Cantor Cristão;580;Vem visita a tua igreja;Melodia Galesa Henry M. Wright
CC;Cantor Cristão;581;A única esperança
COR;Corinhos;;A colheita
HCC;Hinário para o Culto Cristão;1;Oh, vinde adorar!;H. Wright/W. Knapp
HCC;Hinário para o Culto Cristão;2;Santo! Santo! Santo!;Ap 4.8-11, R. Heber/J. Dykes
HCC;Hinário para o Culto Cristão;4;Santo, santo, Pai bondoso!;J. Owens
HCC;Hinário para o Culto Cristão;6;Onipotente Rei;Desc./Felice de Giardini
HCC;Hinário para o Culto Cristão;8;A ti, ó Deus, fiel e bom Senhor;H. Wright/W. Monk
HCC;Hinário para o Culto Cristão;9;Louvamos-te, ó Deus;W. Mackay/J. Husband
HCC;Hinário para o Culto Cristão;10;Louvemos ao Senhor;M. Rinkart/J. Crüger
HCC;Hinário para o Culto Cristão;13;Deus sábio, invisível, perfeito, imortal;W. Smith/Mel. galesa
HCC;Hinário para o Culto Cristão;14;Ao Deus de Abraão louvai;D. Dayyam/Mel. hebraica
HCC;Hinário para o Culto Cristão;15;Ó minha alma, a Deus bendize;Sl 103, H. Lyte/M. Andrews
HCC;Hinário para o Culto Cristão;17;Fonte és tu de toda bênção;R. Robinson/Hinário americano, 1813
HCC;Hinário para o Culto Cristão;18;O santo de Israel;E. Gióia/D. Peacock
HCC;Hinário para o Culto Cristão;21;Tu és digno de louvor;H. Rollo Jr.
HCC;Hinário para o Culto Cristão;22;Justo és, Senhor;Metrif. Sl 145.17,18/L. Mason
HCC;Hinário para o Culto Cristão;23;Não a nós, Senhor;Metrif. Sl 115,G.Kerr Neto/N. Bomilcar
HCC;Hinário para o Culto Cristão;25;Tu és fiel, Senhor;T. Chisholm/W. Runyam
HCC;Hinário para o Culto Cristão;27;Cantemos os louvores;R. Hasse/ Hinário alemão
HCC;Hinário para o Culto Cristão;29;Deus é Amor;J. Bowring/J. Sutton
HCC;Hinário para o Culto Cristão;30;A terra semeamos;M. Claudius/J. Shulz
HCC;Hinário para o Culto Cristão;32;Ao Deus de amor e de imensa bondade;S. Ginsburg/G. Stebbins
HCC;Hinário para o Culto Cristão;33;Deus cuidará de ti;C. Martin/W. Martin
HCC;Hinário para o Culto Cristão;34;Deus dos antigos;D. Roberts/G. Warren
HCC;Hinário para o Culto Cristão;35;Deus guia seus filhos em paz;G. Young
HCC;Hinário para o Culto Cristão;37;Deus vos guarde pelo seu poder;J. Rankin/W. Tomer
HCC;Hinário para o Culto Cristão;38;Ó Deus, eterno ajudador;Metrif. Sl 90, I. Watts/W. Croft
HCC;Hinário para o Culto Cristão;40;As tuas mãos dirigem meu destino;J. Hausmann/D. Hodges
HCC;Hinário para o Culto Cristão;42;Guia, ó Deus a minha vida;W. Williams/J. Hughes
HCC;Hinário para o Culto Cristão;43;Tu és digno;P. Mills
HCC;Hinário para o Culto Cristão;45;O mundo é teu, Senhor;M. Babcock/F. Shepard
HCC;Hinário para o Culto Cristão;46;Pela graça e o primor;F. Pierpoint/C. Kocher
HCC;Hinário para o Culto Cristão;47;Altamente os céus proclamam;Metr. Sl19, S. Kalley/Melodia alemã
HCC;Hinário para o Culto Cristão;48;Eu louvo o poderoso Deus;I. Watts/R. Manuel
HCC;Hinário para o Culto Cristão;50;Louvai ao Deus da criação;J. Schütz/Harm. M. Bell
HCC;Hinário para o Culto Cristão;52;Grandioso és tu!;C. Boberg/Mel. sueca
HCC;Hinário para o Culto Cristão;53;Tudo belo, ó Deus, criaste;M. Edgar/C. Lowden
HCC;Hinário para o Culto Cristão;54;Toda a natureza;S. Souza
HCC;Hinário para o Culto Cristão;55;Deus, por amor criou;F. Green/Mel. americana
HCC;Hinário para o Culto Cristão;59;Saudai o nome de Jesus;Perronet/Holden
HCC;Hinário para o Culto Cristão;60;Aleluia! Aleluia! Gratos hinos entoai;C. Wordsworth/L. van Beethoven
HCC;Hinário para o Culto Cristão;62;Jesus, sempre te amo;Featherstone/Gordon
HCC;Hinário para o Culto Cristão;63;Maravilhoso, ó Jesus amado;Mel. alemã
HCC;Hinário para o Culto Cristão;64;Glorioso és tu, Senhor;McKinney/Gióia
HCC;Hinário para o Culto Cristão;66;Cantarei ao meu Salvador;Smith/Ackley
HCC;Hinário para o Culto Cristão;67;Dai ao Cordeiro o louvor;Bonar/Landenberger
HCC;Hinário para o Culto Cristão;68;Tudo és tu, Jesus;Krummacher/Koch
HCC;Hinário para o Culto Cristão;69;Desejo te adorar, Senhor;J.Moraes/R.Manuel
HCC;Hinário para o Culto Cristão;71;Nós te louvamos, ó Senhor Jesus;Tucker/Vaughn Williams
HCC;Hinário para o Culto Cristão;72;Mil línguas eu quisera ter;C. Wesley/ Port. R.H. Moreton/ C. G. Glaser / Harm. R. Manuel
HCC;Hinário para o Culto Cristão;73;Louvamos, louvamos, Senhor, e adoramos;Holden/Kremser
HCC;Hinário para o Culto Cristão;75;Bendize tu, meu coração;Saltério escocês/ Hastings
HCC;Hinário para o Culto Cristão;76;Ao eterno salvador Jesus;Moraes/ Manuel
HCC;Hinário para o Culto Cristão;77;Luz da minha alma;Keble/J.Sutton
HCC;Hinário para o Culto Cristão;79;Ó Jesus, eu te amo;Tomes
HCC;Hinário para o Culto Cristão;80;Bendito seja sempre o Cordeiro;Kerr/Camargo
HCC;Hinário para o Culto Cristão;82;Meu Deus, eu te amo;Xavier/Booth
HCC;Hinário para o Culto Cristão;84;Eu te amo, ó meu Salvador;Desc./Hinário americano
HCC;Hinário para o Culto Cristão;85;Oh, vem, oh, vem, Emanuel!;Hino latino/Melodia gregoriana
HCC;Hinário para o Culto Cristão;87;Vem, Jesus tão desejado;Wesley/Perry
HCC;Hinário para o Culto Cristão;89;Em silêncio toda carne;Liturgia grega/Melosia francesa
HCC;Hinário para o Culto Cristão;90;Oh, vinde, fiéis!;Wade
HCC;Hinário para o Culto Cristão;91;Noite de paz! Noite de amor!;Mohr/Gruber
HCC;Hinário para o Culto Cristão;92;O canto angelical;Sears/Willis
HCC;Hinário para o Culto Cristão;94;Falai pelas montanhas;Negro spiritual
HCC;Hinário para o Culto Cristão;95;De Belém a linda história;Lício & Faustini/mel.polonesa
HCC;Hinário para o Culto Cristão;96;Cantam anjos harmonias;Wesley/Mendelssohn
HCC;Hinário para o Culto Cristão;97;Anjos das mansões de glória;Montgomery/Smart
HCC;Hinário para o Culto Cristão;98;Pequena vila de Belém;Brooks/Redner
HCC;Hinário para o Culto Cristão;99;Num berço de palhas;Desc./Murray
HCC;Hinário para o Culto Cristão;100;Proclamaram anjos mil o primeiro Natal;Hino inglês/Melodia inglesa
HCC;Hinário para o Culto Cristão;102;Quem é o menino?;Dix/mel. inglesa
HCC;Hinário para o Culto Cristão;104;Surgem anjos proclamando;Hino/Melodia francesa
HCC;Hinário para o Culto Cristão;106;Cantai que o Salvador chegou!;Waats/Handel
HCC;Hinário para o Culto Cristão;107;Numa estrebaria rude;Alexander/Gauntlett
HCC;Hinário para o Culto Cristão;108;Vem, minha alma, alegremente;Gerhardt/ Ebeling
HCC;Hinário para o Culto Cristão;109;Repousa tranquilo;Salum/ mel.nordestina
HCC;Hinário para o Culto Cristão;110;Jesus foi criança como eu;Almir Rosa
HCC;Hinário para o Culto Cristão;112;Vem, Jesus, habitar comigo;Elliott/Sankey
HCC;Hinário para o Culto Cristão;114;Veio a este mundo o Senhor Jesus;Morris
HCC;Hinário para o Culto Cristão;116;Um dia;Chapman/Marsh
HCC;Hinário para o Culto Cristão;117;Homem de tristeza e dor;Philip Bliss
HCC;Hinário para o Culto Cristão;118;São de Jesus as Histórias;Parker/Martin/Challinor
HCC;Hinário para o Culto Cristão;120;Jesus desceu, a Bíblia o diz;McNair/M.Ferreira
HCC;Hinário para o Culto Cristão;121;Jesus o lar do céu deixou;Montgomery/Cram
HCC;Hinário para o Culto Cristão;123;A ti, hosana e glória;Orleans/Teschner
HCC;Hinário para o Culto Cristão;124;Morri na cruz por ti;Havergal/Bliss
HCC;Hinário para o Culto Cristão;125;Oh, quanto, quanto nos amou!;Alexander/R.Manuel
HCC;Hinário para o Culto Cristão;127;Ao contemplar a rude cruz;Watts/Mason
HCC;Hinário para o Culto Cristão;128;Digno é o Cordeiro;Donald Wyrtzen
HCC;Hinário para o Culto Cristão;130;Oh, fronte ensanguentada!;Gerhardt/Hassler/Bach
HCC;Hinário para o Culto Cristão;132;Rude cruz;George Bennard
HCC;Hinário para o Culto Cristão;134;Bem junto à cruz de Cristo;Clephane/Maker
HCC;Hinário para o Culto Cristão;135;Cristo já ressuscitou;Charles Wesley
HCC;Hinário para o Culto Cristão;136;Adoro o Cristo vivo;Alfred Ackley
HCC;Hinário para o Culto Cristão;137;Porque vivo está;Gaither
HCC;Hinário para o Culto Cristão;138;Vinde vós, fiéis, cantar;Damasceno/ Sullivan
HCC;Hinário para o Culto Cristão;140;Da sepultura saiu;Lowry
HCC;Hinário para o Culto Cristão;142;Findou-se a luta de Jesus!;Hino latino/ Minchin
HCC;Hinário para o Culto Cristão;144;Findou-se a luta de Jesus!;Hino latino/ P. da Palestrina
HCC;Hinário para o Culto Cristão;145;Hoje nos lembramos da ressurreição;Fortunatus/ Barnby
HCC;Hinário para o Culto Cristão;146;Sei que vive o Redentor;Neves/ Rollo
HCC;Hinário para o Culto Cristão;148;Jesus virá;Peterson
HCC;Hinário para o Culto Cristão;150;Será de manhã?;Turner/ MsGraham
HCC;Hinário para o Culto Cristão;152;O sertanejo, quando espera pela chuva;Almir Rosa
HCC;Hinário para o Culto Cristão;153;Já refulge a glória eterna de Jesus;Howe/ Hino americano séc. XIX
HCC;Hinário para o Culto Cristão;155;Afirmou o Senhor que virá outra vez;Hewitt/ Sweney
HCC;Hinário para o Culto Cristão;157;Quando Deus fizer chamada;Black
HCC;Hinário para o Culto Cristão;160;Um bom amigo e fiel achei;Scholfield/Hodges
HCC;Hinário para o Culto Cristão;162;Cristo amigo das crianças;Mathams/ Faicloth
HCC;Hinário para o Culto Cristão;163;Todo coração procura;Wrigth/ Grullón
HCC;Hinário para o Culto Cristão;165;Em Jesus amigo temos;Scriven/Converse
HCC;Hinário para o Culto Cristão;166;Senhor, é admirável o teu divino amor;Deck/ Mann
HCC;Hinário para o Culto Cristão;167;O teu amor, Jesus;Tersteegen/ Bortniansky
HCC;Hinário para o Culto Cristão;168;Quanto nos ama Jesus!;Kaiser
HCC;Hinário para o Culto Cristão;169;Buscou-me com ternura;Walton/Gordon
HCC;Hinário para o Culto Cristão;170;Maravilhoso amor;Hino americano/Col. Americana
HCC;Hinário para o Culto Cristão;171;Amor, que por amor desceste!;Matheson/Peace
HCC;Hinário para o Culto Cristão;173;Cristo tem amor por mim;Warner/Bradbury
HCC;Hinário para o Culto Cristão;174;Nome bom, doce à fé;Baxter/Doane
HCC;Hinário para o Culto Cristão;175;Jesus, teu nome é santo;Menezes/ Landenberger
HCC;Hinário para o Culto Cristão;177;Nome que inspira o meu louvor;F. Whitfield/W. Rudd
HCC;Hinário para o Culto Cristão;179;Jesus é o nome do Cristo de Deus;Holden/ Hodges
HCC;Hinário para o Culto Cristão;180;Jesus, teu nome satisfaz;Martin/ Ginsburg
HCC;Hinário para o Culto Cristão;181;Jesus me guia;Gilmore/Bradbury
HCC;Hinário para o Culto Cristão;182;Dia a dia;SandellBerg/ Ahnfelt
HCC;Hinário para o Culto Cristão;183;Cada momento;Ginsburg/Moody
HCC;Hinário para o Culto Cristão;185;Meu bom Pastor;Peterson
HCC;Hinário para o Culto Cristão;187;O meu pastor é o bom Jesus;J. Irvine
HCC;Hinário para o Culto Cristão;188;Glória ao Redentor;Hoffman/ Stockton
HCC;Hinário para o Culto Cristão;189;Oh, que sangue tão precioso!;Wright/ Rollo Jr.
HCC;Hinário para o Culto Cristão;190;Por meus pecados padeceu;Watts/ Ransom
HCC;Hinário para o Culto Cristão;191;Cantarei a linda história;Rowley/ Prichard
HCC;Hinário para o Culto Cristão;193;Maravilhosa graça;H. Lillenas
HCC;Hinário para o Culto Cristão;194;O Rei da glória, o Rei dos reis;Kerr/Camargo
HCC;Hinário para o Culto Cristão;195;Oh, venham coroar!;Bridges/Kasche
HCC;Hinário para o Culto Cristão;196;Oh, momento glorioso!;Kelly/ Stebbins
HCC;Hinário para o Culto Cristão;197;Cristo Jesus com poder reinará;Watts/ Hatton
HCC;Hinário para o Culto Cristão;198;Cristo é meu Rei;Desconhecido
HCC;Hinário para o Culto Cristão;199;A Jesus, o Rei da glória;Lyte/Langston
HCC;Hinário para o Culto Cristão;200;Cristo é tudo para mim;W.L.Thompson
HCC;Hinário para o Culto Cristão;202;Ele é meu e teu Senhor;Ward/Danner
HCC;Hinário para o Culto Cristão;203;Cristo é meu Senhor;McClard
HCC;Hinário para o Culto Cristão;205;Ele é o meu Senhor;Negro spiritual
HCC;Hinário para o Culto Cristão;206;Santo Espírito Divino;Kaschel/ Ganey
HCC;Hinário para o Culto Cristão;207;Ó bom Consolador;Hatch/ Jackson
HCC;Hinário para o Culto Cristão;208;Eu não posso fugir do teu Espírito;Burgess
HCC;Hinário para o Culto Cristão;209;Oh, vem fazer, fiel Consolador!;Croly/Manuel
HCC;Hinário para o Culto Cristão;210;Eu os guiarei ao lar;Wells/ Mountain
HCC;Hinário para o Culto Cristão;212;Ó Senhor, vem me dirigir;Moraes/ Manuel
HCC;Hinário para o Culto Cristão;213;Oh, vive em mim Consolador;Hatch/ McKinney
HCC;Hinário para o Culto Cristão;214;É divina, sábia e pura;Fonseca/Sleeth
HCC;Hinário para o Culto Cristão;215;Livro santo;Sodré
HCC;Hinário para o Culto Cristão;216;Eu quero o pão do céu;Lathbury & Groves/Sherwin
HCC;Hinário para o Culto Cristão;217;É a Bíblia nossa luz;Kaschel/Bradbury
HCC;Hinário para o Culto Cristão;219;Deus nos deu mensagem santa;Kalley/Hopkins
HCC;Hinário para o Culto Cristão;220;Teu santo livro;Kalley/Hastings
HCC;Hinário para o Culto Cristão;222;Deus está presente;Tersteegen/Neander
HCC;Hinário para o Culto Cristão;223;Alegres, adorai;Wesley/Darwall
HCC;Hinário para o Culto Cristão;224;Vós, criaturas de Deus Pai;Francisco de Assis/Hinário alemão
HCC;Hinário para o Culto Cristão;226;Este é o dia do Senhor;Newton/Red
HCC;Hinário para o Culto Cristão;227;Louve, meu ser, ao grandioso, Senhor Rei da glória;Neander/Benett
HCC;Hinário para o Culto Cristão;228;A Deus demos glória;Crosby/Doane
HCC;Hinário para o Culto Cristão;229;Louvem, com alegre som;Milton/Wilkes
HCC;Hinário para o Culto Cristão;230;Louvai com todo o ardor;Plumptre/Messiter
HCC;Hinário para o Culto Cristão;233;Adorem o Rei;Grant/Haydn
HCC;Hinário para o Culto Cristão;234;Pai Celeste, Deus Bendito;Pages/Desconhecido
HCC;Hinário para o Culto Cristão;235;Vinde, cristãos, cantai;Bateman/Carr
HCC;Hinário para o Culto Cristão;236;Sim, com certeza meu Senhor aqui está;Wolfe
HCC;Hinário para o Culto Cristão;238;A Deus, o Pai e Benfeitor;Ken/ Burgeois
HCC;Hinário para o Culto Cristão;239;Santo és tu, Senhor;Comissão do HCC/ Shubert
HCC;Hinário para o Culto Cristão;240;Cristo nós te adoramos;Hino latino/ Dubois
HCC;Hinário para o Culto Cristão;241;Aceita, agora, Senhor, meu Deus;Moraes/Manuel
HCC;Hinário para o Culto Cristão;243;Ó Deus, venho te agradecer;J.F. Araújo
HCC;Hinário para o Culto Cristão;244;Oh, trazei à casa do tesouro!;Leech
HCC;Hinário para o Culto Cristão;246;Santuários nós somos;Moraes/ChávezMelo
HCC;Hinário para o Culto Cristão;247;Vem nos ensinar, Senhor;Green/ Burroughs
HCC;Hinário para o Culto Cristão;248;Ao findar o labor desta vida;Diener
HCC;Hinário para o Culto Cristão;250;Vinde, aflitos pecadores;Hart/Wood
HCC;Hinário para o Culto Cristão;251;Salvação Jesus me dá;Avelino de Souza/Fischer
HCC;Hinário para o Culto Cristão;252;Amigo, não saia sem Cristo;Taylor
HCC;Hinário para o Culto Cristão;254;Cristo, só Cristo;LeFevre
HCC;Hinário para o Culto Cristão;255;“Triste estás, cansado e aflito?”;Mar Saba/Hodges
HCC;Hinário para o Culto Cristão;256;Jesus quer entrar hoje em teu coração;Carmichael
HCC;Hinário para o Culto Cristão;257;Venha, ó sofredor, venha agora;Moore/Ramsey
HCC;Hinário para o Culto Cristão;259;Escuto a voz do bom Jesus;Watson/Hodges
HCC;Hinário para o Culto Cristão;260;Anda com Jesus;Seitz
HCC;Hinário para o Culto Cristão;262;Deixa o Salvador te ajudar;Reynolds
HCC;Hinário para o Culto Cristão;264;Oh, olhai, pois, e vivei!;Ogden
HCC;Hinário para o Culto Cristão;265;Terás vida em olhar pra Jesus;Hull/Taylor
HCC;Hinário para o Culto Cristão;266;Uma bênção antiga;Spann/Agay
HCC;Hinário para o Culto Cristão;268;O Senhor te abençoe e te guarde;Allen
HCC;Hinário para o Culto Cristão;269;Finda-se este dia;BaringGould/Loud
HCC;Hinário para o Culto Cristão;271;Findo o culto;Kaschel/ Barnard
HCC;Hinário para o Culto Cristão;274;Com a paz vem despedir-nos;Houston/ Goss
HCC;Hinário para o Culto Cristão;275;Perdoa-me, Senhor;H. Rollo Jr.
HCC;Hinário para o Culto Cristão;277;Estou aqui, Jesus;Crosby/ Rollo Jr.
HCC;Hinário para o Culto Cristão;279;Sonda-me, ó Deus;Orr/ Landenberg
HCC;Hinário para o Culto Cristão;280;Se sofrimentos eu causei, Senhor;Battersby/Sosa
HCC;Hinário para o Culto Cristão;282;Tem misericórdia de mim, Senhor;Hodges
HCC;Hinário para o Culto Cristão;283;Eu creio, Senhor, na divina promessa;Campos/Fernandes Braga
HCC;Hinário para o Culto Cristão;284;Em Cristo há perfeito perdão;Bilhorn/ Entzminger
HCC;Hinário para o Culto Cristão;286;Alvos mais que a neve;Latta/Perkins
HCC;Hinário para o Culto Cristão;288;Vem, Senhor, do bem a fonte;Robinson/ Owens
HCC;Hinário para o Culto Cristão;290;Alegra o triste coração;Newton/ Trad. Americano
HCC;Hinário para o Culto Cristão;291;Graça de Deus, infinito amor;Johnston/ Towner
HCC;Hinário para o Culto Cristão;293;Foi na cruz;Hudson/Desconhecido
HCC;Hinário para o Culto Cristão;295;Para o céu por Jesus irei;Pounds/Gabriel
HCC;Hinário para o Culto Cristão;296;Eis a nova;Souza/Fearis
HCC;Hinário para o Culto Cristão;297;Feliz o dia;Doddridge/Desconhecido
HCC;Hinário para o Culto Cristão;299;As novas do evangelho;Wesley Martin
HCC;Hinário para o Culto Cristão;300;Tal qual estou;Kaschel/ Bradbury
HCC;Hinário para o Culto Cristão;301;Remido;Crosby/Butler
HCC;Hinário para o Culto Cristão;303;Maravilhoso Cristo;Russell/ Sellers
HCC;Hinário para o Culto Cristão;304;Jesus, levaste a minha cruz;Souza/ Landenberg
HCC;Hinário para o Culto Cristão;305;Rocha eterna;Toplady/ Landerberg
HCC;Hinário para o Culto Cristão;307;Rocha eterna;Toplady/ Hastings
HCC;Hinário para o Culto Cristão;308;Livre em Cristo;J. Moraes/R. Manuel
HCC;Hinário para o Culto Cristão;310;Quem salva é só Jesus!;Rocha/ Barnby
HCC;Hinário para o Culto Cristão;311;Deus enviou Jesus;Geier
HCC;Hinário para o Culto Cristão;312;Seu maravilhoso olhar;Peterson
HCC;Hinário para o Culto Cristão;314;Preciosa a graça de Jesus;Newton/Excell
HCC;Hinário para o Culto Cristão;315;És minha alegria;Franck/Mel. trad. Alemã
HCC;Hinário para o Culto Cristão;316;Só em pensar em ti, Jesus;Bernard de Clairvaux/ Dykes
HCC;Hinário para o Culto Cristão;318;Que alegria é crer em Cristo!;Stead/Kirkpatrick
HCC;Hinário para o Culto Cristão;319;Agora estou contente;Maxfield/Ogden
HCC;Hinário para o Culto Cristão;321;Cristo é nossa esperança;Kerr Neto/ Oliveira Filho
HCC;Hinário para o Culto Cristão;323;Eu alegre vou na sua luz;DeVenter/Weeden
HCC;Hinário para o Culto Cristão;324;Pelo vale escuro;Motta/Von Holst
HCC;Hinário para o Culto Cristão;326;Jesus, em ti eu tenho paz;H. Rollo Jr.
HCC;Hinário para o Culto Cristão;327;Se teu coração estiver em paz;DeArmond/Ackley
HCC;Hinário para o Culto Cristão;329;Sou feliz com Jesus;Spafford/Bliss
HCC;Hinário para o Culto Cristão;330;Descansando no poder de Deus;Hoffman/Showalter
HCC;Hinário para o Culto Cristão;331;Como um rio calmo;Havergal/ Mountain
HCC;Hinário para o Culto Cristão;333;Haja paz na terra;Miller/Jackson
HCC;Hinário para o Culto Cristão;334;Meu divino protetor;Wesley/ Parry
HCC;Hinário para o Culto Cristão;335;De teu cuidado terno;Lloyd/Bischoff
HCC;Hinário para o Culto Cristão;336;Meu coração descansa em Deus;Hewitt/mel. norueguesa
HCC;Hinário para o Culto Cristão;337;Chuvas de bênçãos;Whittle/ Ginsburg
HCC;Hinário para o Culto Cristão;338;Nossa fé Jesus contemplará;Pitrowsky/Ackley
HCC;Hinário para o Culto Cristão;339;Almejo a fé que forte é;Bathurst/ Havergal
HCC;Hinário para o Culto Cristão;340;Salvador bendito;Wright/Sullivan
HCC;Hinário para o Culto Cristão;342;Se queres forças na fraqueza;Neumark/ Young
HCC;Hinário para o Culto Cristão;343;Se queres forças na fraqueza;Neumark
HCC;Hinário para o Culto Cristão;344;Firme nas promessas;Carter
HCC;Hinário para o Culto Cristão;345;Firme nas promessas;Carter
HCC;Hinário para o Culto Cristão;346;Oh, não consintas tristezas!;F.Crosby/D.Hodges
HCC;Hinário para o Culto Cristão;347;Quero o Salvador comigo;F.Crosby/Z. Oliveira
HCC;Hinário para o Culto Cristão;348;A minha fé e o meu amor;Mote/ Bradbury
HCC;Hinário para o Culto Cristão;349;Meu Deus proverá;Nelson/Mel. galesa
HCC;Hinário para o Culto Cristão;350;A Jesus Cristo contarei tudo;Hoffman
HCC;Hinário para o Culto Cristão;351;Cristo, esperança viva;Harkness/ Mendelssohn
HCC;Hinário para o Culto Cristão;352;Cristo te estende sua forte mão;Carmichael
HCC;Hinário para o Culto Cristão;353;Aos pés de Deus;J.A. Feitoza
HCC;Hinário para o Culto Cristão;355;Aflito? Por que aflito?;Gióia Jr./Oliveira Fo.
HCC;Hinário para o Culto Cristão;356;Meu Senhor de tudo sabe;McNair/R. Manuel
HCC;Hinário para o Culto Cristão;357;O segredo do viver;Wright/Richardson
HCC;Hinário para o Culto Cristão;358;Ó Cristo, pão da vida;Holden/D.Evans
HCC;Hinário para o Culto Cristão;360;Espero em ti, Senhor;Palmer/Mason
HCC;Hinário para o Culto Cristão;361;Meu Senhor, sou teu;Crosby/Doane
HCC;Hinário para o Culto Cristão;362;Desejo a santidade;Ginsburg/Booth
HCC;Hinário para o Culto Cristão;363;Sê minha vida, ó Deus de poder;Letra irlandesa/Mel. trad. Irlandesa
HCC;Hinário para o Culto Cristão;364;Mais de Cristo;Hewitt/ Sweney
HCC;Hinário para o Culto Cristão;366;Em mim vem habitar;Costa/Doane
HCC;Hinário para o Culto Cristão;367;Com alegria venho, ó Deus;Sutton/ Harkness
HCC;Hinário para o Culto Cristão;369;Cristo, bom mestre, eis meu querer;Pollard/Stebbins
HCC;Hinário para o Culto Cristão;370;Vem, Salvador, agora, transformar;Foulkes/ Rollo
HCC;Hinário para o Culto Cristão;371;Mais puro quero ser;Davison/ Fillmore
HCC;Hinário para o Culto Cristão;372;Quero ser como Cristo;Chisholm/ Livingstone
HCC;Hinário para o Culto Cristão;373;Junto a ti;Crosby/ Vail
HCC;Hinário para o Culto Cristão;374;Ao orarmos, Senhor;Carmichael
HCC;Hinário para o Culto Cristão;375;Ouve-nos, Pastor divino;Thrupp/Bradbury
HCC;Hinário para o Culto Cristão;377;Com tua mão segura bem a minha;Hausmann/ Main
HCC;Hinário para o Culto Cristão;378;Bendita a hora de oração;Walford/ Bradbury
HCC;Hinário para o Culto Cristão;379;Dirijo a ti, Jesus, minha oração;Houston/ Doane
HCC;Hinário para o Culto Cristão;380;Com a minha voz clamo ao Senhor;V. Geier
HCC;Hinário para o Culto Cristão;381;Bendita é sempre hora da prece;Gióia/ H.G.
HCC;Hinário para o Culto Cristão;382;Senhor, se em meu caminho;Porto/Lloyd
HCC;Hinário para o Culto Cristão;383;Ó Deus eterno, vem me conceder;Ellerton/Hopkins
HCC;Hinário para o Culto Cristão;384;Nosso Pai que estás nos céus;Nunes Filho
HCC;Hinário para o Culto Cristão;386;Bem de manhã;S. Zuberbühler
HCC;Hinário para o Culto Cristão;387;O meu clamor, Ó Deus, atende;P.Filho/ L.Bourgeois
HCC;Hinário para o Culto Cristão;388;Santifica tua igreja;Wright/Williams
HCC;Hinário para o Culto Cristão;390;Filhos da luz;Kalley/Pitrowsky
HCC;Hinário para o Culto Cristão;392;Aviva-nos, Senhor!;Midlane/Doane
HCC;Hinário para o Culto Cristão;393;Em comunhão com Deus;McAfee/Sutton
HCC;Hinário para o Culto Cristão;394;Contigo, ó Mestre, quero andar;Gladden/Smith
HCC;Hinário para o Culto Cristão;395;Quero estar ao pé da cruz;Crosby/Doane
HCC;Hinário para o Culto Cristão;396;Busco o Senhor;J. Sutton
HCC;Hinário para o Culto Cristão;399;Mais perto quero estar;Adams/Mason
HCC;Hinário para o Culto Cristão;400;Quão preciosas são as horas;Goreh/Stebbins
HCC;Hinário para o Culto Cristão;401;Logo de manhã;A. Pires Jr.
HCC;Hinário para o Culto Cristão;402;Fica ao meu lado, ó Deus;Lyte/ Price
HCC;Hinário para o Culto Cristão;404;Eu andei a sós com Cristo;Smith/ Gaultney
HCC;Hinário para o Culto Cristão;406;Castelo forte é nosso Deus;M. Lutero
HCC;Hinário para o Culto Cristão;407;Bem-aventurado é aquele;V. Geier
HCC;Hinário para o Culto Cristão;408;Mestre, o mar se revolta;Baker/ Palmer
HCC;Hinário para o Culto Cristão;409;Sei que Jesus vai por onde eu andar;Bollback
HCC;Hinário para o Culto Cristão;411;Minha esperança, Jesus, asseguras;Cushing/Sankey
HCC;Hinário para o Culto Cristão;412;Deus é nosso Pai amado;SandellBerg/Mel. Sueca
HCC;Hinário para o Culto Cristão;413;Ouvi o Salvador dizer;Bonar/Dykes
HCC;Hinário para o Culto Cristão;416;Nossa morada na Rocha está;Owens/Kirkpatrick
HCC;Hinário para o Culto Cristão;417;Que segurança! Sou de Jesus!;Crosby/Knapp
HCC;Hinário para o Culto Cristão;419;Graças dou por minha vida;Storm/Hultman
HCC;Hinário para o Culto Cristão;420;De manhã, deixando o leito;Gonçalves/Ream
HCC;Hinário para o Culto Cristão;422;Como agradecer a Jesus?;A. Crouch
HCC;Hinário para o Culto Cristão;423;Agradeço a ti, Senhor;Mel. alemã
HCC;Hinário para o Culto Cristão;424;Saudamo-vos, irmãos, em Cristo;Diener/Manuel
HCC;Hinário para o Culto Cristão;426;Graças te rendemos;J. Gueiros
HCC;Hinário para o Culto Cristão;427;Pelo lar que tu nos deste;Renato Santos
HCC;Hinário para o Culto Cristão;429;A ti seja consagrada minha vida;Havergal
HCC;Hinário para o Culto Cristão;430;O que darei a Cristo?;L.Williams/P.Perkins
HCC;Hinário para o Culto Cristão;431;Eu resolvi seguir-te;J.Bode/H.Smart
HCC;Hinário para o Culto Cristão;433;Usa, Senhor;M. Coropos
HCC;Hinário para o Culto Cristão;434;Teu santo amor, Jesus;Phelps/Lowry
HCC;Hinário para o Culto Cristão;435;Não sou meu;Whitle/ McGraham
HCC;Hinário para o Culto Cristão;436;Queremos te conhecer mais e mais;L.Cruz
HCC;Hinário para o Culto Cristão;437;Eu canto a ti minha oração;Preston/Williams
HCC;Hinário para o Culto Cristão;438;Quero ser um vaso de bênção;Smyth/Entzminger
HCC;Hinário para o Culto Cristão;439;Toma, Senhor, minha mente;Havergal/ Shaffer
HCC;Hinário para o Culto Cristão;440;Venho a ti, Senhor;Lee Butler
HCC;Hinário para o Culto Cristão;442;Perto, mais perto;Morris
HCC;Hinário para o Culto Cristão;443;O que fez por mim;J. Moraes/R. Manuel
HCC;Hinário para o Culto Cristão;444;Conta as bênçãos;Oatman/ Excell
HCC;Hinário para o Culto Cristão;446;Brilho celeste;Zelley/ Cook
HCC;Hinário para o Culto Cristão;447;Mas eu sei em quem tenho crido;Whittle/McGranahan
HCC;Hinário para o Culto Cristão;448;Que mudança admirável;McDaniel/Gabriel
HCC;Hinário para o Culto Cristão;450;Triste e sombrio foi meu viver;Sleeper/ Stebbins
HCC;Hinário para o Culto Cristão;451;Como é triste andar em trevas;Figueiredo/Stebbins
HCC;Hinário para o Culto Cristão;452;Cristo satisfaz minha alma;McKinney
HCC;Hinário para o Culto Cristão;454;Eu Sou de Jesus;Rowe/ Ackley
HCC;Hinário para o Culto Cristão;456;Precioso é Jesus para mim;Gabriel
HCC;Hinário para o Culto Cristão;458;Por sua graça e compaixão;Gabriel
HCC;Hinário para o Culto Cristão;459;Quem meu coração encanta;T. Harris
HCC;Hinário para o Culto Cristão;460;Cristo em minha vida;Lima/Santos
HCC;Hinário para o Culto Cristão;462;Cristo me amou e me livrou;Rowe/Smith
HCC;Hinário para o Culto Cristão;463;O meu coração sofredor;Servoss/McGranaham
HCC;Hinário para o Culto Cristão;465;Crer e observar;Sammis/Towner
HCC;Hinário para o Culto Cristão;466;Cedo ou tarde;Lowell/Sims
HCC;Hinário para o Culto Cristão;467;Por onde me conduzir;McKinney
HCC;Hinário para o Culto Cristão;468;Onde quer que seja;Pounds/Kaiser
HCC;Hinário para o Culto Cristão;469;Sempre seguirei a Cristo;Cushing/Lowry
HCC;Hinário para o Culto Cristão;471;Cristo chama;C. F. H. Alexander
HCC;Hinário para o Culto Cristão;472;Tua vontade faze, ó Senhor;Pollard/Legge
HCC;Hinário para o Culto Cristão;473;Segundo a vontade de Deus;Gióia Jr./Oliveira Fo
HCC;Hinário para o Culto Cristão;475;Vem me ensinar, Senhor;Keegen/Kaschel
HCC;Hinário para o Culto Cristão;476;“Seguireis?”, Pergunta o Mestre;Marlatt/ Mason
HCC;Hinário para o Culto Cristão;478;Tua voz escuto a convocar-me;H. Rollo Jr.
HCC;Hinário para o Culto Cristão;480;Seguir a Cristo não é sacrifício;J.Sutton
HCC;Hinário para o Culto Cristão;482;Eu quero fazer o que queres, Senhor;Brown/ Rounsefell
HCC;Hinário para o Culto Cristão;484;Onde quer que for, irei;Crosby/ Sankey
HCC;Hinário para o Culto Cristão;486;O Mestre nos chama;Doudney/ Melodia Galesa
HCC;Hinário para o Culto Cristão;488;Brilha no meio do teu viver;Ogden/Gabriel
HCC;Hinário para o Culto Cristão;490;Deus nos chama a ser seu povo;Jackson/ Hodges
HCC;Hinário para o Culto Cristão;491;No serviço do meu Rei;Ackley/ Ackley
HCC;Hinário para o Culto Cristão;492;Mãos ao trabalho;Coghill/ Mason
HCC;Hinário para o Culto Cristão;493;Os seus intentos cumpre Deus;Ainger/Reynolds
HCC;Hinário para o Culto Cristão;494;Os seus intentos cumpre Deus;Ainger/Shaw
HCC;Hinário para o Culto Cristão;496;Barnabé, homem de Deus;Kerr Neto/ Manuel
HCC;Hinário para o Culto Cristão;497;Cristo amado;Jack P. Scholfield
HCC;Hinário para o Culto Cristão;499;Ouvi contar a história de Jesus;Barlett
HCC;Hinário para o Culto Cristão;500;Se Deus é por nós;Sutton/ Chaplin
HCC;Hinário para o Culto Cristão;502;Temos por lutas passado;Souza/Beazley
HCC;Hinário para o Culto Cristão;504;Da Igreja o fundamento;Stone/Wesley
HCC;Hinário para o Culto Cristão;505;Igrejas bem fortes;Almir Rosa
HCC;Hinário para o Culto Cristão;506;Senhor, a tua igreja;J. Sutton
HCC;Hinário para o Culto Cristão;507;Eu amo com fervor a Igreja;Dwight/ Williams
HCC;Hinário para o Culto Cristão;508;Senhor, que é nosso templo?;Pagura/Mel. dos irmãos boêmios
HCC;Hinário para o Culto Cristão;510;Às águas do Jordão;Entzminger/Rollo Jr.
HCC;Hinário para o Culto Cristão;511;Sou em teu nome batizado;Rambach/ Martin
HCC;Hinário para o Culto Cristão;512;Lembrando teu sepulcro;S. Ginsburg/Mel. trad. grega
HCC;Hinário para o Culto Cristão;513;Ó Senhor, nos alegramos;L. Silva/W. McCluer
HCC;Hinário para o Culto Cristão;514;Venham à mesa;David Hodges
HCC;Hinário para o Culto Cristão;515;A ceia do Senhor Jesus;Cotterill/Reinagle
HCC;Hinário para o Culto Cristão;516;Pão da vida;Ginsburg/Viner
HCC;Hinário para o Culto Cristão;516;Pão da vida;Ginsburg/Viner
HCC;Hinário para o Culto Cristão;518;Com prazer nos congregamos;Montgomery/Stainer
HCC;Hinário para o Culto Cristão;519;Reunidos junto à mesa;Guilherme Loureiro
HCC;Hinário para o Culto Cristão;520;Será possível esquecer?;Entzminger/Landerberger
HCC;Hinário para o Culto Cristão;521;Te damos graças, Pai onipotente;Simei Monteiro
HCC;Hinário para o Culto Cristão;524;Fiel, eterno e santo amor;Montgomery
HCC;Hinário para o Culto Cristão;525;Ah, se eu tivesse mil vozes!;Entzminger/Sherwin
HCC;Hinário para o Culto Cristão;526;Cristo é a única esperança;França/Ichter
HCC;Hinário para o Culto Cristão;528;Eis multidões;McGranaham
HCC;Hinário para o Culto Cristão;530;Pudesse contar toda a glória;Souza/Filmore
HCC;Hinário para o Culto Cristão;531;Mas nós somos luz;Kerr Neto/Oliveira Filho
HCC;Hinário para o Culto Cristão;532;Testemunhas somos todos;Kaschel/Oliveira Filho
HCC;Hinário para o Culto Cristão;532;Testemunhas somos todos;Kaschel/Oliveira Filho
HCC;Hinário para o Culto Cristão;532;Testemunhas somos todos;Kaschel/Oliveira Filho
HCC;Hinário para o Culto Cristão;533;Nossa gente quer viver em segurança;Mathias/G.Seitz/I.Seitz/O.Filho
HCC;Hinário para o Culto Cristão;533;Nossa gente quer viver em segurança;Mathias/G.Seitz/I.Seitz/O.Filho
HCC;Hinário para o Culto Cristão;534;Sim, conquistar o mundo pra Cristo;Ginsburg/Thompson
HCC;Hinário para o Culto Cristão;536;Levanta a tua voz e anuncia;M.Mathias/M.Gatz
HCC;Hinário para o Culto Cristão;537;Ouve, a voz divina clama;March/Manuel
HCC;Hinário para o Culto Cristão;538;Fala e não te cales;Soren/Gabriel
HCC;Hinário para o Culto Cristão;540;Desde um ao outro polo;Heber/Mason
HCC;Hinário para o Culto Cristão;541;As boas novas anunciai;Thompson/Walch
HCC;Hinário para o Culto Cristão;542;Só Jesus Cristo salva;Almeida/Kaschel
HCC;Hinário para o Culto Cristão;543;Eu aceito o desafio;J.Sutton
HCC;Hinário para o Culto Cristão;543;Eu aceito o desafio;J.Sutton
HCC;Hinário para o Culto Cristão;545;Eu vos envio;Clarkson/Peterson
HCC;Hinário para o Culto Cristão;546;Dá-me tua visão;Terrell
HCC;Hinário para o Culto Cristão;547;Sabeis falar de tudo;Crosby/Landenberger
HCC;Hinário para o Culto Cristão;549;Canto o novo canto da terra;S. Monteiro
HCC;Hinário para o Culto Cristão;551;Se eu posso hoje o bem fazer;Kleiser/ Faustini
HCC;Hinário para o Culto Cristão;552;Que estou fazendo se sou cristão?;Araújo/Lauretti
HCC;Hinário para o Culto Cristão;553;Nesta grande cidade vivemos;Araújo/ Manuel
HCC;Hinário para o Culto Cristão;555;A cidade Irá transformar-se;Gonçalves/ Oliveira Filho
HCC;Hinário para o Culto Cristão;557;Senhor, a ti rendemos louvor;Moreton/ Urnam
HCC;Hinário para o Culto Cristão;558;Aquele que leva a preciosa semente;Almir Rosa
HCC;Hinário para o Culto Cristão;560;Olhando para Cristo;Soren/Miles
HCC;Hinário para o Culto Cristão;562;Jesus, tu reuniste os teus amigos;J. Maraschim
HCC;Hinário para o Culto Cristão;563;Benditos laços são;Fawcett/ Nägeli
HCC;Hinário para o Culto Cristão;564;Pai, Faz-nos um;Ridings
HCC;Hinário para o Culto Cristão;566;Jesus, Pastor amado;Kalley/Webb
HCC;Hinário para o Culto Cristão;567;Não há em Cristo Norte ou Sul;Porto/ Burleigh
HCC;Hinário para o Culto Cristão;569;Qual o adorno desta vida?;Kalley/mel. inglesa
HCC;Hinário para o Culto Cristão;572;Somos um pelos laços do amor;Skillings
HCC;Hinário para o Culto Cristão;574;Um só rebanho;Freire/Morris
HCC;Hinário para o Culto Cristão;575;Na Pátria celeste;Payne
HCC;Hinário para o Culto Cristão;577;Perante o trono de esplendor;Sheperd/ Mattews
HCC;Hinário para o Culto Cristão;579;Jerusalém excelsa;Cluny/Ewing
HCC;Hinário para o Culto Cristão;580;Céu, lindo céu;Torrans
HCC;Hinário para o Culto Cristão;581;Há um rio cristalino;Lowry/ Day
HCC;Hinário para o Culto Cristão;583;Lá no céu moraremos;Hewitt/ Wilson
HCC;Hinário para o Culto Cristão;585;Já termina o ano velho;M.L. Andrade/Mel. trad. Leta
HCC;Hinário para o Culto Cristão;586;Por tanto amor que o Pai mostrou;Hutchinson/ Sullivan
HCC;Hinário para o Culto Cristão;588;Entoemos hinos de louvor;Pitrowsky/Hodges
HCC;Hinário para o Culto Cristão;589;Este templo dedicamos;Rodrígues/Ley
HCC;Hinário para o Culto Cristão;590;Em Cristo seja o lar edificado;Hart/R. Manuel
HCC;Hinário para o Culto Cristão;592;Lar feliz nós vamos ser;O. Alves
HCC;Hinário para o Culto Cristão;593;Nestes tempos de incerteza;J.Neto
HCC;Hinário para o Culto Cristão;595;Que feliz é o lar;Kaschel/ Oliveira Filho
HCC;Hinário para o Culto Cristão;596;Se houver amor;J.F. Neto
HCC;Hinário para o Culto Cristão;597;Perfeito Amor;Gurney/Stainer
HCC;Hinário para o Culto Cristão;598;Abençoa, Deus de amor;Taylor/ Faustini
HCC;Hinário para o Culto Cristão;600;De ti, ó meu Brasil;Smith/ Seitz
HCC;Hinário para o Culto Cristão;601;Por nossa Pátria oramos ;J.Rocha/J. Booth
HCC;Hinário para o Culto Cristão;603;Minha Pátria para Cristo;Entzminger/Lindsey
HCC;Hinário para o Culto Cristão;606;Que a Pátria inteira cante em teu louvor;Herbert/ McCutchan
HCC;Hinário para o Culto Cristão;607;O menino, que vai ser?;W. Kaschel/D. Gatz
HCC;Hinário para o Culto Cristão;609;Jesus recebeu e abençoou as criancinhas;J. Moraes/R. Manuel
HCC;Hinário para o Culto Cristão;610;Senhor, em tuas mãos paternas;Monod/Monteiro
HCC;Hinário para o Culto Cristão;611;Que alegria neste dia!;H. Penno/Hinário alemão
HCC;Hinário para o Culto Cristão;612;Neste dia, ó Pai amado;H. Fischer/Mel. holandesa
HCC;Hinário para o Culto Cristão;613;Com alegria recordamos;J. Sutton
HL;Hinos de Louvor;1;Grandioso Pai
HL;Hinos de Louvor;2;Imutável, Altíssimo Deus
HL;Hinos de Louvor;3;Adoro a Ti
HL;Hinos de Louvor;4;De Eternidade a Eternidade
HL;Hinos de Louvor;5;Digno de Louvor
HL;Hinos de Louvor;6;Digno É o Senhor
HL;Hinos de Louvor;7;Exaltai o Senhor
HL;Hinos de Louvor;8;Para a Glória de Deus
HL;Hinos de Louvor;9;Santo És, Senhor
HL;Hinos de Louvor;10;Sê Exaltado
HL;Hinos de Louvor;11;Vos Prostrai
HL;Hinos de Louvor;12;Glorioso É Teu Nome
HL;Hinos de Louvor;13;Tudo o Que Existe Aqui
HL;Hinos de Louvor;14;Os Céus Declaram
HL;Hinos de Louvor;15;Deus Está
HL;Hinos de Louvor;16;Graça
HL;Hinos de Louvor;17;Junto ao Meu Deus
HL;Hinos de Louvor;18;Perfeita Paz
HL;Hinos de Louvor;19;Deleita-te no Senhor
HL;Hinos de Louvor;20;Meu Deus É Bom
HL;Hinos de Louvor;21;Divino Amor
HL;Hinos de Louvor;22;Jesus Chegou!
HL;Hinos de Louvor;23;Nasceu Cristo em Belém
HL;Hinos de Louvor;24;Rei da Glória
HL;Hinos de Louvor;25;Admiro, como Admiro
HL;Hinos de Louvor;26;O Mundo É Teu, Senhor
HL;Hinos de Louvor;27;Tão Grande é Seu Amor
HL;Hinos de Louvor;28;Seu Manto pelo Meu
HL;Hinos de Louvor;29;Ao Contemplar
HL;Hinos de Louvor;30;Foi em Meu Lugar
HL;Hinos de Louvor;31;Foi por Mim
HL;Hinos de Louvor;32;Me Libertou
HL;Hinos de Louvor;33;Morri na Cruz por Ti
HL;Hinos de Louvor;34;Rocha Eterna, Foi na Cruz
HL;Hinos de Louvor;35;Tudo Ele Pagou
HL;Hinos de Louvor;36;Sim, por Mim
HL;Hinos de Louvor;37;Não Chores Mais
HL;Hinos de Louvor;38;Vinde Adorar!
HL;Hinos de Louvor;39;Eu Sou Filho do Rei
HL;Hinos de Louvor;40;Hei de Vê-LO
HL;Hinos de Louvor;41;Graças a Deus
HL;Hinos de Louvor;42;Uma Simples Oferta
HL;Hinos de Louvor;43;Entregarei a Ti
HL;Hinos de Louvor;44;Lugar Santo
HL;Hinos de Louvor;45;Um Coração Humilde
HL;Hinos de Louvor;46;Tão Somente uma Vida
HL;Hinos de Louvor;47;Senhor, Me Ensina
HL;Hinos de Louvor;48;Eu Irei a uma Terra Feliz
HL;Hinos de Louvor;49;Fogo Purificador
HL;Hinos de Louvor;50;Não Eu, mas Cristo
HL;Hinos de Louvor;51;Eu Serei Fiel
HL;Hinos de Louvor;52;Eis-me Aqui, Mestre
HL;Hinos de Louvor;53;Contemplai os Povos
HL;Hinos de Louvor;54;Eis-me Aqui
HL;Hinos de Louvor;55;Sê Forte
HL;Hinos de Louvor;56;Olhando para Cristo
HL;Hinos de Louvor;57;Serei Fiel
HL;Hinos de Louvor;58;Juntos
HL;Hinos de Louvor;59;Oração de Consagração
HL;Hinos de Louvor;60;O Dia da Nossa União
HL;Hinos de Louvor;61;No Vínculo da Perfeição
HL;Hinos de Louvor;62;A Família, Dom Divino
HL;Hinos de Louvor;63;A Palavra do Senhor
HL;Hinos de Louvor;64;Consagração
HL;Hinos de Louvor;65;Amor Glorioso
HL;Hinos de Louvor;66;É Jesus Quem Salva
HL;Hinos de Louvor;67;O Varão de Grande Dor
HL;Hinos de Louvor;68;Aleluia! É meu Cristo
HL;Hinos de Louvor;69;Bendita Cruz de Cristo
HL;Hinos de Louvor;70;Bendita Cruz de Cristo (II)
HL;Hinos de Louvor;71;Rude Cruz
HL;Hinos de Louvor;72;Eu Amo a Cruz
HL;Hinos de Louvor;73;Completo em Ti
HL;Hinos de Louvor;74;Completo em Ti (II)
HL;Hinos de Louvor;75;Firmeza
HL;Hinos de Louvor;76;Firmado no Senhor
HL;Hinos de Louvor;77;Lindo És, Meu Mestre
HL;Hinos de Louvor;78;Lindo És, Meu Mestre (II)
HL;Hinos de Louvor;79;Oh, Graça Excelsa do Senhor
HL;Hinos de Louvor;80;Oh, Graça Excelsa do Senhor (II)
HL;Hinos de Louvor;81;Santo, Poderoso!
HL;Hinos de Louvor;82;Meu Cristo
HL;Hinos de Louvor;83;Tu És Fiel, Senhor
HL;Hinos de Louvor;84;Tu És Fiel, Senhor (II)
HL;Hinos de Louvor;85;Nossa Glória é Jesus Conhecer
HL;Hinos de Louvor;86;Preciso do Senhor
HL;Hinos de Louvor;87;Não Te Abandonarei
HL;Hinos de Louvor;88;O Meu Pastor
HL;Hinos de Louvor;89;Digno do Senhor Andar
HL;Hinos de Louvor;90;Toma-Me
HL;Hinos de Louvor;91;Servo de Todos
HL;Hinos de Louvor;92;Maravilhoso Amor
HL;Hinos de Louvor;93;Eu Não Sou Maior
HL;Hinos de Louvor;94;Pela Graça, Sim
HL;Hinos de Louvor;95;Dá Teu Melhor para O Mestre
HL;Hinos de Louvor;96;Cantemos os Louvores
HL;Hinos de Louvor;97;Jubilosos
HL;Hinos de Louvor;98;Louve ao Senhor
HL;Hinos de Louvor;99;Vós Criaturas
HL;Hinos de Louvor;100;Vens a Mim
HL;Hinos de Louvor;101;Não Temas
HL;Hinos de Louvor;102;Maravilhoso É Ser de Cristo
HL;Hinos de Louvor;103;Vitorioso
HL;Hinos de Louvor;104;Firmai-vos em Cristo
HL;Hinos de Louvor;105;Quem Somos Nós?
HL;Hinos de Louvor;106;Saudai o Nome de Jesus
HL;Hinos de Louvor;107;A Ti, Hosana
HL;Hinos de Louvor;108;Grata Memoria
HL;Hinos de Louvor;109;A Ti Sou Grato, Meu Jesus
HL;Hinos de Louvor;110;Pela Graça e o Primor
HL;Hinos de Louvor;111;Graças Dou
HL;Hinos de Louvor;112;Graças Dou, Sim pela Vida
HL;Hinos de Louvor;113;Louvores à Deus
HL;Hinos de Louvor;114;Já Nasceu
HL;Hinos de Louvor;115;Vem, Minha Alma Alegremente
HL;Hinos de Louvor;116;Prossiga para o Alvo
HL;Hinos de Louvor;117;Abre Meus Olhos
HL;Hinos de Louvor;118;Cantai Um Novo Cântico
HL;Hinos de Louvor;119;Mistério da Piedade
HL;Hinos de Louvor;120;Àquele que no Trono Está
VM;Voz de Melodia;1;Hino de louvor
VM;Voz de Melodia;2;Grande é o Senhor
VM;Voz de Melodia;3;A ti a glória
VM;Voz de Melodia;4;A Deus demos glória
VM;Voz de Melodia;5;Adoração
VM;Voz de Melodia;6;Glória ao Teu nome
VM;Voz de Melodia;7;Ao Deus de Abraão louvai
VM;Voz de Melodia;8;A ti, ó Deus
VM;Voz de Melodia;9;Quão grande és Tu
VM;Voz de Melodia;10;Ó Deus, eterno ajudador
VM;Voz de Melodia;11;Onipotente Rei
VM;Voz de Melodia;12;Vinde, cristãos, cantai
VM;Voz de Melodia;13;Louvamos-Te, ó Deus
VM;Voz de Melodia;14;Santo! Santo! Santo!
VM;Voz de Melodia;15;Deus é santo
VM;Voz de Melodia;16;Vamos nós louvar a Deus
VM;Voz de Melodia;17;Deslumbrante
VM;Voz de Melodia;18;Venha adorar ao Senhor
VM;Voz de Melodia;19;Na luz da madrugada
VM;Voz de Melodia;20;Oh! vinde adorar
VM;Voz de Melodia;21;Louvai ao nosso Deus
VM;Voz de Melodia;22;Ao Rei adorai
VM;Voz de Melodia;23;A Cristo Coroai
VM;Voz de Melodia;24;Coroai (Coronation)
VM;Voz de Melodia;25;Coroai (Diadem)
VM;Voz de Melodia;26;Fonte tu de toda bênção
VM;Voz de Melodia;27;Oh! que eu tivera línguas mil
VM;Voz de Melodia;28;Ao Deus da criação louvai
VM;Voz de Melodia;29;Aleluia
VM;Voz de Melodia;30;Te louvarei, meu Senhor
VM;Voz de Melodia;31;Eu te adoro
VM;Voz de Melodia;32;Eu te amo, ó Deus
VM;Voz de Melodia;33;Louvai
VM;Voz de Melodia;34;Sou sua criação
VM;Voz de Melodia;35;Glorioso dia
VM;Voz de Melodia;36;Bela manhã
VM;Voz de Melodia;37;Ó nós que amamos Deus
VM;Voz de Melodia;38;Deus dos antigos
VM;Voz de Melodia;39;Castelo forte
VM;Voz de Melodia;40;Deus vê o coração
VM;Voz de Melodia;41;Ó Deus do impossível
VM;Voz de Melodia;42;Deus sábio, invisível
VM;Voz de Melodia;43;Deus cuidará de Ti
VM;Voz de Melodia;44;Meu amigo Jesus
VM;Voz de Melodia;45;Meu Deus proverá
VM;Voz de Melodia;46;Importará
VM;Voz de Melodia;47;Que doce voz
VM;Voz de Melodia;48;Refúgio Cristo sempre dá
VM;Voz de Melodia;49;Nos tumultos desta vida
VM;Voz de Melodia;50;Deus vos guarde
VM;Voz de Melodia;51;Amigo incomparável
VM;Voz de Melodia;52;Filhos nós do Pai celeste
VM;Voz de Melodia;53;Guarda o meu coração
VM;Voz de Melodia;54;Tu és o grande amparador
VM;Voz de Melodia;55;Meu Deus cuida de mim
VM;Voz de Melodia;56;Tu és a rocha
VM;Voz de Melodia;57;Deus é meu abrigo
VM;Voz de Melodia;58;Tu és fiel, Senhor
VM;Voz de Melodia;59;No abrigo da rocha
VM;Voz de Melodia;60;Sempre cuidará de mim
VM;Voz de Melodia;61;Um bom amigo
VM;Voz de Melodia;62;Deus tem cuidado de você
VM;Voz de Melodia;63;Minha morada Jesus assegura
VM;Voz de Melodia;64;Ouve-nos, Pastor divino
VM;Voz de Melodia;65;Tão perto está o Senhor
VM;Voz de Melodia;66;Meu Jesus me guia sempre
VM;Voz de Melodia;67;Ó Mestre nos chama
VM;Voz de Melodia;68;Guia-me, meu Salvador
VM;Voz de Melodia;69;Deus de minha alma
VM;Voz de Melodia;70;Jesus me guia
VM;Voz de Melodia;71;Deus guia seus filhos
VM;Voz de Melodia;72;Creia em Deus
VM;Voz de Melodia;73;Meu Jesus
VM;Voz de Melodia;74;Cada momento
VM;Voz de Melodia;75;Guia-me, Senhor
VM;Voz de Melodia;76;Senhor, Tu és o meu Pastor
VM;Voz de Melodia;77;Os passos do justo
VM;Voz de Melodia;78;Pelo vale
VM;Voz de Melodia;79;O meu Pastor
VM;Voz de Melodia;80;É tão vasto o amor divino
VM;Voz de Melodia;81;O amor de Deus
VM;Voz de Melodia;82;Que maravilha seu amor
VM;Voz de Melodia;83;Quão vasto é o amor do Pai
VM;Voz de Melodia;84;Ao Deus de amor
VM;Voz de Melodia;85;O amor de Jesus
VM;Voz de Melodia;86;Cristo tem amor por mim
VM;Voz de Melodia;87;Oh, graça excelsa do Senhor
VM;Voz de Melodia;88;Graça de Deus
VM;Voz de Melodia;89;Maravilhosa graça
VM;Voz de Melodia;90;Pela sua graça
VM;Voz de Melodia;91;Nosso grande Salvador
VM;Voz de Melodia;92;Lindo és, meu Mestre
VM;Voz de Melodia;93;Rei dos céus
VM;Voz de Melodia;94;Jesus, ó só pensar em Ti
VM;Voz de Melodia;95;Cristo, Jesus há de reinar
VM;Voz de Melodia;96;Coroai o Rei dos reis
VM;Voz de Melodia;97;Cristo é Senhor
VM;Voz de Melodia;98;Glória! glória! aleluia
VM;Voz de Melodia;99;Ele é Rei
VM;Voz de Melodia;100;Será exaltado
VM;Voz de Melodia;101;Jesus é a luz
VM;Voz de Melodia;102;Glória pra sempre
VM;Voz de Melodia;103;Cristo, Senhor de tudo é
VM;Voz de Melodia;104;Como é grande meu Jesus
VM;Voz de Melodia;105;Que grande amigo
VM;Voz de Melodia;106;Jesus, sempre te amo
VM;Voz de Melodia;107;Mais de Cristo
VM;Voz de Melodia;108;Precioso é Jesus
VM;Voz de Melodia;109;Jesus é a luz do mundo
VM;Voz de Melodia;110;Quão profundo o amor
VM;Voz de Melodia;111;Sempre o mesmo
VM;Voz de Melodia;112;Ontem, hoje e para sempre
VM;Voz de Melodia;113;Cristo é fiel
VM;Voz de Melodia;114;Maravilhoso é Cristo
VM;Voz de Melodia;115;Maravilhoso é meu Salvador
VM;Voz de Melodia;116;Seu nome é maravilhoso
VM;Voz de Melodia;117;Oh! eu amo a Cristo
VM;Voz de Melodia;118;Cristo é a rocha
VM;Voz de Melodia;119;Meu bom Pastor é Cristo
VM;Voz de Melodia;120;Cantai que o Salvador chegou
VM;Voz de Melodia;121;É Natal de Cristo
VM;Voz de Melodia;122;Eis que uma rosa surge
VM;Voz de Melodia;123;Viva o Rei da glória
VM;Voz de Melodia;124;Anjos vieram anunciar
VM;Voz de Melodia;125;Ó crentes, exultai
VM;Voz de Melodia;126;Glória
VM;Voz de Melodia;127;Eis dos anjos a harmonia
VM;Voz de Melodia;128;Cristo em Belém
VM;Voz de Melodia;129;Ó noite santa
VM;Voz de Melodia;130;Natalício de um Rei
VM;Voz de Melodia;131;Noite de paz
VM;Voz de Melodia;132;Numa estrebaria rude
VM;Voz de Melodia;133;Em linda noite
VM;Voz de Melodia;134;Vinde vê-lo
VM;Voz de Melodia;135;Quem é o pequeno a repousar
VM;Voz de Melodia;136;Pequena vila de Belém (Forest Green)
VM;Voz de Melodia;137;Pequena vila de Belém (St. Louis)
VM;Voz de Melodia;138;Noite jubilosa
VM;Voz de Melodia;139;No céu brilho fulgente luz
VM;Voz de Melodia;140;No humilde presépio (Cradle Song)
VM;Voz de Melodia;141;No humilde presépio (Mueller)
VM;Voz de Melodia;142;Crianças de todas as terras
VM;Voz de Melodia;143;Exultem, ó povos
VM;Voz de Melodia;144;Enquanto no campo
VM;Voz de Melodia;145;Que Deus vos dê, senhores
VM;Voz de Melodia;146;Vem, Jesus, habitar comigo
VM;Voz de Melodia;147;Vem, Jesus, habitar comigo
VM;Voz de Melodia;148;Adoremos
VM;Voz de Melodia;149;Ó vem Emanuel
VM;Voz de Melodia;150;Oh! vinde, fiéis
VM;Voz de Melodia;151;Há um canto no ar
VM;Voz de Melodia;152;No inverno frio
VM;Voz de Melodia;153;Milhares de aleluias
VM;Voz de Melodia;154;O primeiro Natal
VM;Voz de Melodia;155;Há muitos anos
VM;Voz de Melodia;156;Ó, vinde adoremos ao Salvador
VM;Voz de Melodia;157;Nós reis magos do Oriente
VM;Voz de Melodia;158;Viajantes
VM;Voz de Melodia;159;A Canção do Servo
VM;Voz de Melodia;160;Pra morrer, nasceu Cristo
VM;Voz de Melodia;161;Não houve lugar para Cristo
VM;Voz de Melodia;162;Bendita cruz de Cristo
VM;Voz de Melodia;163;A fim de que Jesus sofreu
VM;Voz de Melodia;164;Rude cruz
VM;Voz de Melodia;165;Aleluia pela cruz
VM;Voz de Melodia;166;Morri na cruz por Ti
VM;Voz de Melodia;167;Faze-me lembrar
VM;Voz de Melodia;168;Foi na cruz
VM;Voz de Melodia;169;Glória ao Salvador
VM;Voz de Melodia;170;Pendurado no madeiro
VM;Voz de Melodia;171;Ao contemplar a rude cruz
VM;Voz de Melodia;172;Quando no Calvário
VM;Voz de Melodia;173;Cantarei de Jesus Cristo
VM;Voz de Melodia;174;O Cordeiro de Deus
VM;Voz de Melodia;175;O varão de grande dor
VM;Voz de Melodia;176;Quero estar ao pé da cruz
VM;Voz de Melodia;177;Rocha eterna
VM;Voz de Melodia;178;Só Tu, Jesus
VM;Voz de Melodia;179;Tudo consumado está
VM;Voz de Melodia;180;Quão cego já vaguei
VM;Voz de Melodia;181;Tu, Jesus, vieste me salvar
VM;Voz de Melodia;182;O sangue de Cristo
VM;Voz de Melodia;183;Só no sangue
VM;Voz de Melodia;184;Achei a fonte carmesim
VM;Voz de Melodia;185;Seja bendito o Cordeiro
VM;Voz de Melodia;186;Pão da vida
VM;Voz de Melodia;187;Cabeça ensanguentada
VM;Voz de Melodia;188;O poder do sangue
VM;Voz de Melodia;189;Ó vinde crentes e entoai
VM;Voz de Melodia;190;Agora posso ver
VM;Voz de Melodia;191;Ressurgiu
VM;Voz de Melodia;192;Da sepultura saiu
VM;Voz de Melodia;193;Ele vive
VM;Voz de Melodia;194;Cristo volta, aleluia
VM;Voz de Melodia;195;Regozijai-vos, ó crentes
VM;Voz de Melodia;196;Que belíssimo dia
VM;Voz de Melodia;197;Cristo virá outra vez
VM;Voz de Melodia;198;Breve Jesus voltará
VM;Voz de Melodia;199;Um dia o Salvador virá
VM;Voz de Melodia;200;Hoje talvez
VM;Voz de Melodia;201;Chamada final
VM;Voz de Melodia;202;Um dia
VM;Voz de Melodia;203;Maranata
VM;Voz de Melodia;204;A reunião no ar
VM;Voz de Melodia;205;Do pão do céu
VM;Voz de Melodia;206;Livro da vida
VM;Voz de Melodia;207;O pão da vida
VM;Voz de Melodia;208;Que firme alicerce
VM;Voz de Melodia;209;Firme nas promessas
VM;Voz de Melodia;210;Nada impossível é
VM;Voz de Melodia;211;A paz do céu
VM;Voz de Melodia;212;Terás vida em olhar pra Jesus
VM;Voz de Melodia;213;A mensagem do Senhor
VM;Voz de Melodia;214;Que alicerce tendes
VM;Voz de Melodia;215;Cristo salva o pecador
VM;Voz de Melodia;216;Só por Jesus
VM;Voz de Melodia;217;Oh! que grande esta redenção
VM;Voz de Melodia;218;Eis a escrava resgatada
VM;Voz de Melodia;219;Cristo me amou e me livrou
VM;Voz de Melodia;220;Remido, eu vou proclamar
VM;Voz de Melodia;221;Salvo estou
VM;Voz de Melodia;222;Alma ansiosa
VM;Voz de Melodia;223;De Jesus a doce voz
VM;Voz de Melodia;224;Contai-me a velha história
VM;Voz de Melodia;225;Nada mereço
VM;Voz de Melodia;226;Veio Jesus a este mundo
VM;Voz de Melodia;227;O meu cálice
VM;Voz de Melodia;228;Eu tenho um Salvador
VM;Voz de Melodia;229;Mais um nome
VM;Voz de Melodia;230;Nova vida
VM;Voz de Melodia;231;Os anjos estão a cantar
VM;Voz de Melodia;232;Eu pertenço ao Rei (Flora Jean)
VM;Voz de Melodia;233;Que segurança
VM;Voz de Melodia;234;O abrigo de Deus
VM;Voz de Melodia;235;De uma vez
VM;Voz de Melodia;236;Seguro estou
VM;Voz de Melodia;237;Eu pertenço ao Rei (Clifton)
VM;Voz de Melodia;238;Mas eu sei em quem tenho crido
VM;Voz de Melodia;239;Cristo salva
VM;Voz de Melodia;240;Eu venho a Ti, Senhor
VM;Voz de Melodia;241;Atribulado coração
VM;Voz de Melodia;242;Deixa a luz do céu entrar
VM;Voz de Melodia;243;Dá teu coração
VM;Voz de Melodia;244;Jesus quer entrar
VM;Voz de Melodia;245;Tendes vós lugar
VM;Voz de Melodia;246;À frente, dois caminhos
VM;Voz de Melodia;247;O que farás com Cristo
VM;Voz de Melodia;248;Quase achegado
VM;Voz de Melodia;249;Que farás com seu grande amor
VM;Voz de Melodia;250;Manso e suave
VM;Voz de Melodia;251;Tal qual estou
VM;Voz de Melodia;252;Sonda-me, ó Deus
VM;Voz de Melodia;253;Um coração puro
VM;Voz de Melodia;254;Sou forasteiro aqui
VM;Voz de Melodia;255;Conforme a tua infinita graça
VM;Voz de Melodia;256;Volto ao lar
VM;Voz de Melodia;257;Um coração frio
VM;Voz de Melodia;258;Aviva-nos, Senhor
VM;Voz de Melodia;259;Cristo, bom mestre
VM;Voz de Melodia;260;Um vaso novo
VM;Voz de Melodia;261;Tudo entregarei
VM;Voz de Melodia;262;Guarda o teu coração
VM;Voz de Melodia;263;Estou seguindo a Jesus Cristo
VM;Voz de Melodia;264;Tudo por Cristo
VM;Voz de Melodia;265;Meu Senhor, sou Teu
VM;Voz de Melodia;266;O que queres, Senhor
VM;Voz de Melodia;267;Mais perto, sim
VM;Voz de Melodia;268;Vaso apenas
VM;Voz de Melodia;269;Não o meu querer
VM;Voz de Melodia;270;Tempo de ser santo (Holiness)
VM;Voz de Melodia;271;Tempo de ser santo (Jason)
VM;Voz de Melodia;272;Uma paixão por Ti
VM;Voz de Melodia;273;Perto, mais perto
VM;Voz de Melodia;274;Meu desejo
VM;Voz de Melodia;275;Homens fiéis
VM;Voz de Melodia;276;Seguireis? Pergunta o Mestre
VM;Voz de Melodia;277;Te dou minha vida, Senhor
VM;Voz de Melodia;278;Um servo Teu
VM;Voz de Melodia;279;Que fiéis nós sejamos
VM;Voz de Melodia;280;Onde quer que seja
VM;Voz de Melodia;281;Ó meu Senhor, irei
VM;Voz de Melodia;282;Onde quer que for, irei
VM;Voz de Melodia;283;Meu coração
VM;Voz de Melodia;284;O que darei a Cristo
VM;Voz de Melodia;285;Fruto dar
VM;Voz de Melodia;286;Davi
VM;Voz de Melodia;287;Daniel
VM;Voz de Melodia;288;Jonas
VM;Voz de Melodia;289;Não temerei
VM;Voz de Melodia;290;O segredo do viver
VM;Voz de Melodia;291;Confiar em Cristo
VM;Voz de Melodia;292;A minha fé
VM;Voz de Melodia;293;Fé dos nossos pais
VM;Voz de Melodia;294;Cristo valerá
VM;Voz de Melodia;295;Quero o Salvador
VM;Voz de Melodia;296;Salvador bendito
VM;Voz de Melodia;297;Rica promessa
VM;Voz de Melodia;298;Confiando em meu Jesus
VM;Voz de Melodia;299;Só confiar
VM;Voz de Melodia;300;Seguirei a Ti
VM;Voz de Melodia;301;Eu só confio no Senhor
VM;Voz de Melodia;302;Crer e observar
VM;Voz de Melodia;303;Confio só em Ti
VM;Voz de Melodia;304;Buscai primeiro o reino de Deus
VM;Voz de Melodia;305;Preciso do Senhor
VM;Voz de Melodia;306;Em Jesus amigo temos
VM;Voz de Melodia;307;Mais perto quero estar
VM;Voz de Melodia;308;Contar a Jesus
VM;Voz de Melodia;309;Ouça sua voz
VM;Voz de Melodia;310;Meu tempo a sós com Deus
VM;Voz de Melodia;311;Quão preciosas são as horas
VM;Voz de Melodia;312;Bendita a hora de oração
VM;Voz de Melodia;313;Em fervente oração
VM;Voz de Melodia;314;Sua fé Jesus contemplará
VM;Voz de Melodia;315;Nossa oração
VM;Voz de Melodia;316;O coração em paz
VM;Voz de Melodia;317;Dia a dia
VM;Voz de Melodia;318;Que consolação
VM;Voz de Melodia;319;Com Cristo estou contente
VM;Voz de Melodia;320;Sossegai
VM;Voz de Melodia;321;Seu caminho é perfeito
VM;Voz de Melodia;322;Como um calmo rio
VM;Voz de Melodia;323;Junto ao coração de Deus
VM;Voz de Melodia;324;Exulta, meu coração
VM;Voz de Melodia;325;Sou feliz
VM;Voz de Melodia;326;Regozija em Deus
VM;Voz de Melodia;327;Dá-me ó Deus uma alegria
VM;Voz de Melodia;328;Que alegria neste dia
VM;Voz de Melodia;329;Ó bendita luz de Deus
VM;Voz de Melodia;330;Brilho celeste
VM;Voz de Melodia;331;Ando sempre alegre
VM;Voz de Melodia;332;Oh! eu sou feliz
VM;Voz de Melodia;333;O homem feliz
VM;Voz de Melodia;334;Brilha no viver
VM;Voz de Melodia;335;Cantando vou
VM;Voz de Melodia;336;De Ti, Jesus Senhor
VM;Voz de Melodia;337;Faze-me um forasteiro
VM;Voz de Melodia;338;Marchamos para Sião
VM;Voz de Melodia;339;O caminho da cruz
VM;Voz de Melodia;340;Com valor, sem temor
VM;Voz de Melodia;341;Viverei para glorificar Jesus
VM;Voz de Melodia;342;Pra mim o viver é Cristo
VM;Voz de Melodia;343;Olhando para Cristo
VM;Voz de Melodia;344;Junto a Ti
VM;Voz de Melodia;345;Cristo é tudo para mim
VM;Voz de Melodia;346;Andando com Jesus
VM;Voz de Melodia;347;Novo canto há em meu ser
VM;Voz de Melodia;348;Eu sou de Jesus
VM;Voz de Melodia;349;Nome bom, doce à fé
VM;Voz de Melodia;350;Eu sou filho adotado
VM;Voz de Melodia;351;Asas qual águias
VM;Voz de Melodia;352;Minha alma canta melodias
VM;Voz de Melodia;353;Cantarei a linda história
VM;Voz de Melodia;354;A Alegria de Jesus
VM;Voz de Melodia;355;Com Cristo no meu coração
VM;Voz de Melodia;356;Jesus é melhor
VM;Voz de Melodia;357;Por Jesus desprezo o mundo
VM;Voz de Melodia;358;Te amo
VM;Voz de Melodia;359;Conta as bênçãos
VM;Voz de Melodia;360;Cantarei das bênçãos do Senhor
VM;Voz de Melodia;361;Chuvas de bênçãos
VM;Voz de Melodia;362;Que a beleza de Cristo
VM;Voz de Melodia;363;Deus é tão bom
VM;Voz de Melodia;364;Quero cantar uma linda
VM;Voz de Melodia;365;Oh! redimido sou
VM;Voz de Melodia;366;Ditoso o dia
VM;Voz de Melodia;367;Sempre seguirei a Cristo
VM;Voz de Melodia;368;Glorificar-te é o meu dever
VM;Voz de Melodia;369;Eu vi Cristo em Ti
VM;Voz de Melodia;370;Ser como Cristo
VM;Voz de Melodia;371;Lutai por Cristo
VM;Voz de Melodia;372;Vamos batalhar
VM;Voz de Melodia;373;Oh! que belos hinos
VM;Voz de Melodia;374;Cristo amado
VM;Voz de Melodia;375;Lutai por Cristo
VM;Voz de Melodia;376;Mais que vencedores
VM;Voz de Melodia;377;Vitória em Cristo
VM;Voz de Melodia;378;Graças pela vitória
VM;Voz de Melodia;379;Mais vale que o ouro
VM;Voz de Melodia;380;Vai buscar
VM;Voz de Melodia;381;Falemos de Cristo
VM;Voz de Melodia;382;A mensagem vem de Deus
VM;Voz de Melodia;383;É isto que me faz cantar
VM;Voz de Melodia;384;Hoje, guia-me, Senhor
VM;Voz de Melodia;385;Jesus é bom
VM;Voz de Melodia;386;A nova do evangelho
VM;Voz de Melodia;387;Contai-me a velha história
VM;Voz de Melodia;388;A doce história
VM;Voz de Melodia;389;Não me falaram de Cristo
VM;Voz de Melodia;390;As nações contaremos a história
VM;Voz de Melodia;391;Cristo é a única esperança
VM;Voz de Melodia;392;Brasil
VM;Voz de Melodia;393;Mil vozes para o Brasil
VM;Voz de Melodia;394;Oração pela pátria
VM;Voz de Melodia;395;Vamos, irmãos, levar essa luz
VM;Voz de Melodia;396;Dai-nos luz
VM;Voz de Melodia;397;Sim, marchar avante
VM;Voz de Melodia;398;Eis os milhões
VM;Voz de Melodia;399;As boas novas
VM;Voz de Melodia;400;Onde os obreiros
VM;Voz de Melodia;401;Avançai com Jesus
VM;Voz de Melodia;402;Eis-me aqui, Senhor
VM;Voz de Melodia;403;Um a um
VM;Voz de Melodia;404;Havemos de colher
VM;Voz de Melodia;405;A ordem do Senhor
VM;Voz de Melodia;406;Ide
VM;Voz de Melodia;407;Mãos ao trabalho
VM;Voz de Melodia;408;Dá teu melhor
VM;Voz de Melodia;409;Fiel quero ser
VM;Voz de Melodia;410;No serviço do meu Rei
VM;Voz de Melodia;411;Servo de Cristo
VM;Voz de Melodia;412;Deus procura um pastorzinho
VM;Voz de Melodia;413;Servir a Jesus
VM;Voz de Melodia;414;Quero ser um vaso de bênção
VM;Voz de Melodia;415;Vamos nós trabalhar
VM;Voz de Melodia;416;Vamos à igreja
VM;Voz de Melodia;417;A igreja verdadeira
VM;Voz de Melodia;418;Benditos laços
VM;Voz de Melodia;419;Às águas do Jordão
VM;Voz de Melodia;420;Perfeito amor
VM;Voz de Melodia;421;Vem nosso lar abençoar
VM;Voz de Melodia;422;Tempos preciosos
VM;Voz de Melodia;423;Teu pra sempre
VM;Voz de Melodia;424;Humildemente ao Teu altar
VM;Voz de Melodia;425;De graça salvo, cantarei
VM;Voz de Melodia;426;Primeiro quero ver meu Salvador
VM;Voz de Melodia;427;Lá no céu
VM;Voz de Melodia;428;Face a face
VM;Voz de Melodia;429;Hei de vê-lo
VM;Voz de Melodia;430;Anelo o lar
VM;Voz de Melodia;431;Hei de ver meu Redentor
VM;Voz de Melodia;432;Glória pra mim
VM;Voz de Melodia;433;Grandes coisas, mui gloriosas
VM;Voz de Melodia;434;Hino nacional brasileiro
VM;Voz de Melodia;435;Felicidades
